Coffee Shop,Rating,Review Count,City,Neighborhood,Place ID,Google Maps Link,Types,Hours
Station 11 coffee,4.9,31,Atlanta,Midtown Atlanta,ChIJby6hxO4F9YgRf-HhIV0nebM,https://maps.google.com/?cid=12932411085924983167&g_mp=Cidnb29nbGUubWFwcy5wbGFjZXMudjEuUGxhY2VzLlNlYXJjaFRleHQQAhgEIAA,"restaurant, food, point_of_interest, establishment",Monday: 8:00 AM – 3:00 PM | Tuesday: 8:00 AM – 3:00 PM | Wednesday: 8:00 AM – 3:00 PM | Thursday: 8:00 AM – 3:00 PM | Friday: 8:00 AM – 3:00 PM | Saturday: 9:00 AM – 3:00 PM | Sunday: 9:00 AM – 3:00 PM
Apotheos Coffee Midtown,4.6,127,Atlanta,Midtown Atlanta,ChIJPSqLR9AF9YgR0bYUfn3GZ6w,https://maps.google.com/?cid=12423116339413300945&g_mp=Cidnb29nbGUubWFwcy5wbGFjZXMudjEuUGxhY2VzLlNlYXJjaFRleHQQAhgEIAA,"coffee_shop, cafe, food_store, store, food, point_of_interest, establishment",Monday: 7:00 AM – 7:00 PM | Tuesday: 7:00 AM – 7:00 PM | Wednesday: 7:00 AM – 7:00 PM | Thursday: 7:00 AM – 7:00 PM | Friday: 7:00 AM – 4:00 PM | Saturday: Closed | Sunday: Closed
Foxtail Coffee Co.,4.8,48,Atlanta,Midtown Atlanta,ChIJqxX9WPgF9YgR8j-sffrjhFU,https://maps.google.com/?cid=6162300855139450866&g_mp=Cidnb29nbGUubWFwcy5wbGFjZXMudjEuUGxhY2VzLlNlYXJjaFRleHQQAhgEIAA,"coffee_shop, cafe, food_store, food, store, point_of_interest, establishment",Monday: 6:00 AM – 6:00 PM | Tuesday: 6:00 AM – 6:00 PM | Wednesday: 6:00 AM – 6:00 PM | Thursday: 6:00 AM – 6:00 PM | Friday: 6:00 AM – 6:00 PM | Saturday: 6:00 AM – 6:00 PM | Sunday: 6:00 AM – 6:00 PM
Schāf Shop,4.9,116,Atlanta,Midtown Atlanta,ChIJ9UVFXcUF9YgRxN6gpd9qq5U,https://maps.google.com/?cid=10784831241457819332&g_mp=Cidnb29nbGUubWFwcy5wbGFjZXMudjEuUGxhY2VzLlNlYXJjaFRleHQQAhgEIAA,"coffee_shop, cafe, food_store, food, sporting_goods_store, store, point_of_interest, establishment",Monday: 7:00 AM – 5:00 PM | Tuesday: 7:00 AM – 5:00 PM | Wednesday: 7:00 AM – 5:00 PM | Thursday: 7:00 AM – 5:00 PM | Friday: 7:00 AM – 5:00 PM | Saturday: 9:00 AM – 5:00 PM | Sunday: 9:00 AM – 5:00 PM
Daydreamer Coffee 859,4.3,154,Atlanta,Midtown Atlanta,ChIJT9zIslIF9YgRDkyUb3OQd_Q,https://maps.google.com/?cid=17615707292950613006&g_mp=Cidnb29nbGUubWFwcy5wbGFjZXMudjEuUGxhY2VzLlNlYXJjaFRleHQQAhgEIAA,"coffee_shop, cafe, food_store, food, store, point_of_interest, establishment",Monday: 8:00 AM – 2:00 PM | Tuesday: 8:00 AM – 2:00 PM | Wednesday: 8:00 AM – 2:00 PM | Thursday: 8:00 AM – 2:00 PM | Friday: 8:00 AM – 2:00 PM | Saturday: 8:00 AM – 2:00 PM | Sunday: 8:00 AM – 2:00 PM
Spiller Park Coffee 999,4.2,52,Atlanta,Midtown Atlanta,ChIJYUb6404F9YgRFzKI2rs9B4U,https://maps.google.com/?cid=9585698208915927575&g_mp=Cidnb29nbGUubWFwcy5wbGFjZXMudjEuUGxhY2VzLlNlYXJjaFRleHQQAhgEIAA,"cafe, food, point_of_interest, establishment",Monday: 7:00 AM – 6:00 PM | Tuesday: 7:00 AM – 6:00 PM | Wednesday: 7:00 AM – 6:00 PM | Thursday: 7:00 AM – 6:00 PM | Friday: 7:00 AM – 6:00 PM | Saturday: 8:00 AM – 6:00 PM | Sunday: 8:00 AM – 6:00 PM
Café Intermezzo (Midtown),4.5,5943,Atlanta,Midtown Atlanta,ChIJicBn_aoF9YgRya-jWCHOmB0,https://maps.google.com/?cid=2132681066176294857&g_mp=Cidnb29nbGUubWFwcy5wbGFjZXMudjEuUGxhY2VzLlNlYXJjaFRleHQQAhgEIAA,"cafe, european_restaurant, coffee_shop, dessert_shop, confectionery, restaurant, food_store, store, food, point_of_interest, establishment",Monday: 9:00 AM – 12:00 AM | Tuesday: 9:00 AM – 12:00 AM | Wednesday: 9:00 AM – 12:00 AM | Thursday: 9:00 AM – 12:00 AM | Friday: 9:00 AM – 1:00 AM | Saturday: 9:00 AM – 1:00 AM | Sunday: 9:00 AM – 12:00 AM
Dancing Goats Coffee Bar (Midtown),4.5,1013,Atlanta,Midtown Atlanta,ChIJsZEJ9mcE9YgRDTcnhgVcVaI,https://maps.google.com/?cid=11697356785960040205&g_mp=Cidnb29nbGUubWFwcy5wbGFjZXMudjEuUGxhY2VzLlNlYXJjaFRleHQQAhgEIAA,"coffee_shop, cafe, food_store, food, store, point_of_interest, establishment",Monday: 6:30 AM – 7:00 PM | Tuesday: 6:30 AM – 7:00 PM | Wednesday: 6:30 AM – 7:00 PM | Thursday: 6:30 AM – 7:00 PM | Friday: 6:30 AM – 7:00 PM | Saturday: 7:00 AM – 7:00 PM | Sunday: 7:00 AM – 7:00 PM
Haraz Coffee House,4.7,186,Atlanta,Midtown Atlanta,ChIJLyiPZGcE9YgR4YS29YMCvAU,https://maps.google.com/?cid=413208031597593825&g_mp=Cidnb29nbGUubWFwcy5wbGFjZXMudjEuUGxhY2VzLlNlYXJjaFRleHQQAhgEIAA,"coffee_shop, cafe, dessert_shop, confectionery, food_store, food, store, point_of_interest, establishment",Monday: 8:00 AM – 10:00 PM | Tuesday: 8:00 AM – 10:00 PM | Wednesday: 8:00 AM – 10:00 PM | Thursday: 8:00 AM – 10:00 PM | Friday: 8:00 AM – 12:00 AM | Saturday: 8:00 AM – 12:00 AM | Sunday: 8:00 AM – 10:00 PM
Larakin Wine & Coffee,4.6,256,Atlanta,Midtown Atlanta,ChIJ1d0S3aQF9YgRtCdQqVEno3I,https://maps.google.com/?cid=8260489373214058420&g_mp=Cidnb29nbGUubWFwcy5wbGFjZXMudjEuUGxhY2VzLlNlYXJjaFRleHQQAhgEIAA,"coffee_shop, wine_bar, cafe, bar, food_store, store, point_of_interest, food, establishment",Monday: 8:00 AM – 2:00 PM | Tuesday: 8:00 AM – 2:00 PM | Wednesday: 8:00 AM – 10:00 PM | Thursday: 8:00 AM – 10:00 PM | Friday: 8:00 AM – 10:00 PM | Saturday: 8:00 AM – 10:00 PM | Sunday: 8:00 AM – 4:00 PM
Cafe Lucia 205,4,452,Atlanta,Midtown Atlanta,ChIJtUV1VXwF9YgRpRcsib7qZnY,https://maps.google.com/?cid=8531764648166037413&g_mp=Cidnb29nbGUubWFwcy5wbGFjZXMudjEuUGxhY2VzLlNlYXJjaFRleHQQAhgEIAA,"coffee_shop, cafe, food_store, food, bar, store, point_of_interest, establishment",Monday: 7:00 AM – 4:00 PM | Tuesday: 7:00 AM – 4:00 PM | Wednesday: 7:00 AM – 4:00 PM | Thursday: 7:00 AM – 4:00 PM | Friday: 7:00 AM – 4:00 PM | Saturday: 8:00 AM – 4:00 PM | Sunday: 8:00 AM – 4:00 PM
Aviator Coffee Company (Downtown),4.9,39,Atlanta,Hotel District,ChIJjUpyD60F9YgR6d1vfT7V14o,https://maps.google.com/?cid=10004699561596018153&g_mp=Cidnb29nbGUubWFwcy5wbGFjZXMudjEuUGxhY2VzLlNlYXJjaFRleHQQAhgEIAA,"coffee_shop, cafe, food_store, food, store, point_of_interest, establishment",Monday: 7:00 AM – 3:00 PM | Tuesday: 7:00 AM – 3:00 PM | Wednesday: 7:00 AM – 3:00 PM | Thursday: 7:00 AM – 3:00 PM | Friday: 7:00 AM – 3:00 PM | Saturday: 8:00 AM – 2:00 PM | Sunday: Closed
Cafe Onten,,,Atlanta,Midtown Atlanta,ChIJS4K0bfwF9YgRgb6CPkLZdwE,https://maps.google.com/?cid=105791994806320769&g_mp=Cidnb29nbGUubWFwcy5wbGFjZXMudjEuUGxhY2VzLlNlYXJjaFRleHQQAhgEIAA,"coffee_shop, cafe, food_store, food, point_of_interest, store, establishment",Monday: 7:00 AM – 3:00 PM | Tuesday: 7:00 AM – 3:00 PM | Wednesday: 7:00 AM – 3:00 PM | Thursday: 7:00 AM – 3:00 PM | Friday: 7:00 AM – 3:00 PM | Saturday: 7:00 AM – 3:00 PM | Sunday: 7:00 AM – 3:00 PM
Allegro Coffee Company (Sandy Springs),4.7,349,Thornton,,ChIJa2vo98R1bIcRLwr5ftTwAB4,https://maps.google.com/?cid=2161992616591821359&g_mp=Cidnb29nbGUubWFwcy5wbGFjZXMudjEuUGxhY2VzLlNlYXJjaFRleHQQAhgEIAA,"coffee_shop, juice_shop, cafe, food_store, food, point_of_interest, store, establishment",Monday: 7:00 AM – 2:00 PM | Tuesday: 7:00 AM – 2:00 PM | Wednesday: 7:00 AM – 2:00 PM | Thursday: 7:00 AM – 2:00 PM | Friday: 7:00 AM – 2:00 PM | Saturday: Closed | Sunday: Closed
For Five Coffee Atlanta,4.4,326,Atlanta,Midtown Atlanta,ChIJAcvnz50F9YgRez_cjRE1v2g,https://maps.google.com/?cid=7547809850006978427&g_mp=Cidnb29nbGUubWFwcy5wbGFjZXMudjEuUGxhY2VzLlNlYXJjaFRleHQQAhgEIAA,"cafe, food, point_of_interest, establishment",Monday: 7:00 AM – 7:00 PM | Tuesday: 7:00 AM – 7:00 PM | Wednesday: 7:00 AM – 7:00 PM | Thursday: 7:00 AM – 7:00 PM | Friday: 7:00 AM – 7:00 PM | Saturday: 7:00 AM – 7:00 PM | Sunday: 7:00 AM – 7:00 PM
Blue Donkey Craft Coffee 704,4.2,232,Atlanta,Georgia Tech,ChIJ2V1wo4kE9YgRzMIMR8PerT8,https://maps.google.com/?cid=4588568525652411084&g_mp=Cidnb29nbGUubWFwcy5wbGFjZXMudjEuUGxhY2VzLlNlYXJjaFRleHQQAhgEIAA,"coffee_shop, cafe, food_store, food, store, point_of_interest, establishment",Monday: 7:00 AM – 10:00 PM | Tuesday: 7:00 AM – 10:00 PM | Wednesday: 7:00 AM – 10:00 PM | Thursday: 7:00 AM – 10:00 PM | Friday: 7:00 AM – 10:00 PM | Saturday: 9:00 AM – 5:00 PM | Sunday: 9:00 AM – 9:00 PM
E+ROSE Wellness Cafe (Midtown),4.5,86,Atlanta,Midtown Atlanta,ChIJu5ktRYEF9YgRwgG4D5Ks-vU,https://maps.google.com/?cid=17724669026798928322&g_mp=Cidnb29nbGUubWFwcy5wbGFjZXMudjEuUGxhY2VzLlNlYXJjaFRleHQQAhgEIAA,"restaurant, point_of_interest, food, establishment",Monday: 7:00 AM – 5:00 PM | Tuesday: 7:00 AM – 5:00 PM | Wednesday: 7:00 AM – 5:00 PM | Thursday: 7:00 AM – 5:00 PM | Friday: 7:00 AM – 5:00 PM | Saturday: 8:00 AM – 3:00 PM | Sunday: Closed
Brasserie Margot,4.2,83,Atlanta,Midtown Atlanta,ChIJmUaKESQF9YgRMGn3jHIqTtY,https://maps.google.com/?cid=15442326843779672368&g_mp=Cidnb29nbGUubWFwcy5wbGFjZXMudjEuUGxhY2VzLlNlYXJjaFRleHQQAhgEIAA,"french_restaurant, fine_dining_restaurant, brunch_restaurant, breakfast_restaurant, restaurant, food, point_of_interest, establishment","Monday: 7:00 AM – 3:00 PM | Tuesday: 7:00 AM – 3:00 PM, 5:30 – 10:00 PM | Wednesday: 7:00 AM – 3:00 PM, 5:30 – 10:00 PM | Thursday: 7:00 AM – 3:00 PM, 5:30 – 10:00 PM | Friday: 7:00 AM – 3:00 PM, 5:30 – 10:30 PM | Saturday: 7:00 AM – 3:00 PM, 5:30 – 10:30 PM | Sunday: 7:00 AM – 3:00 PM"
Cafe Momo,3.8,128,Atlanta,Peachtree Center,ChIJUzEBW3gE9YgRzg_ZG-nzeAI,https://maps.google.com/?cid=178160367801274318&g_mp=Cidnb29nbGUubWFwcy5wbGFjZXMudjEuUGxhY2VzLlNlYXJjaFRleHQQAhgEIAA,"buffet_restaurant, restaurant, food, point_of_interest, establishment",Monday: 7:00 AM – 3:00 PM | Tuesday: 7:00 AM – 3:00 PM | Wednesday: 7:00 AM – 3:00 PM | Thursday: 7:00 AM – 3:00 PM | Friday: 7:00 AM – 3:00 PM | Saturday: Closed | Sunday: Closed
Land of a Thousand Hills (Old Fourth Ward),4.5,80,Atlanta,Old Fourth Ward,ChIJKXk1j4YF9YgRO0TxGpdcRuY,https://maps.google.com/?cid=16593051681155007547&g_mp=Cidnb29nbGUubWFwcy5wbGFjZXMudjEuUGxhY2VzLlNlYXJjaFRleHQQAhgEIAA,"coffee_shop, cafe, food_store, store, food, point_of_interest, establishment",Monday: 7:00 AM – 3:00 PM | Tuesday: 7:00 AM – 3:00 PM | Wednesday: 7:00 AM – 3:00 PM | Thursday: 7:00 AM – 3:00 PM | Friday: 7:00 AM – 3:00 PM | Saturday: 7:00 AM – 3:00 PM | Sunday: 7:00 AM – 3:00 PM
Jittery Joe's Buckhead 308,4.1,83,Atlanta,Peachtree Center,ChIJ2QRFdHgE9YgRcoD_81jMj9s,https://maps.google.com/?cid=15821088698398638194&g_mp=Cidnb29nbGUubWFwcy5wbGFjZXMudjEuUGxhY2VzLlNlYXJjaFRleHQQAhgEIAA,"coffee_shop, bagel_shop, tea_house, cafe, bakery, food_store, food, store, point_of_interest, establishment",Monday: 6:30 AM – 12:00 PM | Tuesday: 6:30 AM – 12:00 PM | Wednesday: 6:30 AM – 12:00 PM | Thursday: 6:30 AM – 12:00 PM | Friday: 6:30 AM – 12:00 PM | Saturday: 6:30 AM – 1:00 PM | Sunday: 6:30 AM – 1:00 PM
Land Of A Thousand Hills Flatiron,4.8,30,Atlanta,Peachtree Center,ChIJb8zwAAAF9YgRMb2FRAUmufo,https://maps.google.com/?cid=18066513184239762737&g_mp=Cidnb29nbGUubWFwcy5wbGFjZXMudjEuUGxhY2VzLlNlYXJjaFRleHQQAhgEIAA,"coffee_shop, cafe, food_store, food, point_of_interest, store, establishment",Monday: 7:00 – 11:30 AM | Tuesday: 7:00 AM – 4:00 PM | Wednesday: 7:00 AM – 4:00 PM | Thursday: 7:00 AM – 4:00 PM | Friday: 7:00 – 11:30 AM | Saturday: Closed | Sunday: Closed
Kaldi's Coffee,3.1,71,Atlanta,Georgia Tech,ChIJ86xzAygF9YgR33yPVHtXTLo,https://maps.google.com/?cid=13424200776495889631&g_mp=Cidnb29nbGUubWFwcy5wbGFjZXMudjEuUGxhY2VzLlNlYXJjaFRleHQQAhgEIAA,"coffee_shop, cafe, food_store, store, food, point_of_interest, establishment",Monday: 8:00 AM – 6:00 PM | Tuesday: 8:00 AM – 6:00 PM | Wednesday: 8:00 AM – 6:00 PM | Thursday: 8:00 AM – 6:00 PM | Friday: 8:00 AM – 5:00 PM | Saturday: Closed | Sunday: Closed
Dtox Juice,3.5,28,Atlanta,Midtown Atlanta,ChIJxVwE3NoF9YgRXQ8rVAAyxhY,https://maps.google.com/?cid=1641054091216621405&g_mp=Cidnb29nbGUubWFwcy5wbGFjZXMudjEuUGxhY2VzLlNlYXJjaFRleHQQAhgEIAA,"juice_shop, vegan_restaurant, vegetarian_restaurant, grocery_store, food_store, restaurant, food, store, point_of_interest, establishment",Monday: 8:30 AM – 6:00 PM | Tuesday: 8:30 AM – 6:00 PM | Wednesday: 8:30 AM – 6:00 PM | Thursday: 8:30 AM – 6:00 PM | Friday: 8:30 AM – 6:00 PM | Saturday: 9:00 AM – 5:00 PM | Sunday: 9:00 AM – 5:00 PM
Saints + Council,4.5,1729,Atlanta,Midtown Atlanta,ChIJ5YavCSYF9YgRLVrGI40hSu4,https://maps.google.com/?cid=17170573419377744429&g_mp=Cidnb29nbGUubWFwcy5wbGFjZXMudjEuUGxhY2VzLlNlYXJjaFRleHQQAhgEIAA,"american_restaurant, fine_dining_restaurant, breakfast_restaurant, lounge_bar, brunch_restaurant, night_club, bar, restaurant, food, point_of_interest, establishment",Monday: 10:00 AM – 11:00 PM | Tuesday: 10:00 AM – 11:00 PM | Wednesday: 10:00 AM – 11:00 PM | Thursday: 10:00 AM – 11:00 PM | Friday: 10:00 AM – 11:00 PM | Saturday: 10:00 AM – 11:00 PM | Sunday: 10:00 AM – 11:00 PM
LaRayia's Bodega,4.8,260,Atlanta,Old Fourth Ward,ChIJqYOZeaAF9YgRL7msaZMlBxQ,https://maps.google.com/?cid=1443163520658880815&g_mp=Cidnb29nbGUubWFwcy5wbGFjZXMudjEuUGxhY2VzLlNlYXJjaFRleHQQAhgEIAA,"vegan_restaurant, vegetarian_restaurant, coffee_stand, food_store, restaurant, food, point_of_interest, store, establishment",Monday: 10:00 AM – 7:00 PM | Tuesday: 10:00 AM – 7:00 PM | Wednesday: 10:00 AM – 7:00 PM | Thursday: 10:00 AM – 7:00 PM | Friday: 10:00 AM – 7:00 PM | Saturday: 10:00 AM – 9:00 PM | Sunday: 10:00 AM – 7:00 PM
Refuge Coffee Co. 1280,4.6,167,Atlanta,Midtown Atlanta,ChIJ2bYfNVAF9YgRZrq9lzwTmD8,https://maps.google.com/?cid=4582433771814238822&g_mp=Cidnb29nbGUubWFwcy5wbGFjZXMudjEuUGxhY2VzLlNlYXJjaFRleHQQAhgEIAA,"coffee_shop, cafe, food_store, store, food, point_of_interest, establishment",Monday: Closed | Tuesday: 8:00 AM – 4:00 PM | Wednesday: 8:00 AM – 4:00 PM | Thursday: 8:00 AM – 4:00 PM | Friday: 8:00 AM – 4:00 PM | Saturday: 9:00 AM – 5:00 PM | Sunday: 9:00 AM – 5:00 PM
Land of a Thousand Hills Coffee 1140,4.6,138,Atlanta,Midtown Atlanta,ChIJ4aUwh0QF9YgR8uynEos2m9k,https://maps.google.com/?cid=15680186498561862898&g_mp=Cidnb29nbGUubWFwcy5wbGFjZXMudjEuUGxhY2VzLlNlYXJjaFRleHQQAhgEIAA,"coffee_shop, cafe, food_store, store, food, point_of_interest, establishment",Monday: 7:00 AM – 8:00 PM | Tuesday: 7:00 AM – 8:00 PM | Wednesday: 7:00 AM – 8:00 PM | Thursday: 7:00 AM – 8:00 PM | Friday: 7:00 AM – 8:00 PM | Saturday: 7:00 AM – 8:00 PM | Sunday: 7:00 AM – 8:00 PM
Necessary Purveyor,4.4,158,Atlanta,Old Fourth Ward,ChIJZwZzsXkF9YgRbUtRdXsLgMA,https://maps.google.com/?cid=13871099477178272621&g_mp=Cidnb29nbGUubWFwcy5wbGFjZXMudjEuUGxhY2VzLlNlYXJjaFRleHQQAhgEIAA,"restaurant, point_of_interest, food, establishment",Monday: 8:00 AM – 5:00 PM | Tuesday: 8:00 AM – 8:00 PM | Wednesday: 8:00 AM – 8:00 PM | Thursday: 8:00 AM – 8:00 PM | Friday: 8:00 AM – 8:00 PM | Saturday: 8:00 AM – 8:00 PM | Sunday: 8:00 AM – 5:00 PM
The Atrium Café,4.7,1850,Atlanta,Old Fourth Ward,ChIJs9_w77UF9YgRax_xvOhdiFI,https://maps.google.com/?cid=5947106562126454635&g_mp=Cidnb29nbGUubWFwcy5wbGFjZXMudjEuUGxhY2VzLlNlYXJjaFRleHQQAhgEIAA,"restaurant, food, point_of_interest, establishment",Monday: 11:00 AM – 9:00 PM | Tuesday: 11:00 AM – 9:00 PM | Wednesday: 11:00 AM – 9:00 PM | Thursday: 11:00 AM – 9:00 PM | Friday: 11:00 AM – 10:00 PM | Saturday: 11:00 AM – 10:00 PM | Sunday: 11:00 AM – 9:00 PM
Dancing Goats (Old Fourth Ward),4.5,1169,Atlanta,Old Fourth Ward,ChIJG6geABEE9YgRwtlJO55xc44,https://maps.google.com/?cid=10264672900120959426&g_mp=Cidnb29nbGUubWFwcy5wbGFjZXMudjEuUGxhY2VzLlNlYXJjaFRleHQQAhgEIAA,"coffee_shop, cafe, food_store, store, food, point_of_interest, establishment",Monday: 6:30 AM – 7:00 PM | Tuesday: 6:30 AM – 7:00 PM | Wednesday: 6:30 AM – 7:00 PM | Thursday: 6:30 AM – 7:00 PM | Friday: 6:30 AM – 7:00 PM | Saturday: 7:00 AM – 7:00 PM | Sunday: 7:00 AM – 7:00 PM
Foxtail Coffee - Midtown Atlanta,4.6,617,Atlanta,Midtown Atlanta,ChIJdcJm4BkF9YgRDNpzeiYPJDE,https://maps.google.com/?cid=3540971864957639180&g_mp=Cidnb29nbGUubWFwcy5wbGFjZXMudjEuUGxhY2VzLlNlYXJjaFRleHQQAhgEIAA,"coffee_shop, cafe, food_store, food, store, point_of_interest, establishment",Monday: 6:00 AM – 6:00 PM | Tuesday: 6:00 AM – 6:00 PM | Wednesday: 6:00 AM – 6:00 PM | Thursday: 6:00 AM – 6:00 PM | Friday: 6:00 AM – 6:00 PM | Saturday: 6:00 AM – 6:00 PM | Sunday: 6:00 AM – 6:00 PM
Spiller Park Coffee 675,4.1,330,Atlanta,Old Fourth Ward,ChIJEw-gvRAE9YgRVl7KYHBW9pE,https://maps.google.com/?cid=10517689020430573142&g_mp=Cidnb29nbGUubWFwcy5wbGFjZXMudjEuUGxhY2VzLlNlYXJjaFRleHQQAhgEIAA,"coffee_shop, cafe, bakery, food_store, store, food, point_of_interest, establishment",Monday: 8:00 AM – 6:00 PM | Tuesday: 8:00 AM – 6:00 PM | Wednesday: 8:00 AM – 6:00 PM | Thursday: 8:00 AM – 6:00 PM | Friday: 8:00 AM – 6:00 PM | Saturday: 8:00 AM – 6:00 PM | Sunday: 9:00 AM – 6:00 PM
Amistad Coffee,5,11,Atlanta,Midtown Atlanta,ChIJPyDtzLIF9YgRtJR4A8uG84o,https://maps.google.com/?cid=10012494603069461684&g_mp=Cidnb29nbGUubWFwcy5wbGFjZXMudjEuUGxhY2VzLlNlYXJjaFRleHQQAhgEIAA,"coffee_shop, cafe, food_store, store, food, point_of_interest, establishment",Monday: Closed | Tuesday: 7:00 AM – 3:00 PM | Wednesday: 7:00 AM – 3:00 PM | Thursday: 7:00 AM – 3:00 PM | Friday: 7:00 AM – 3:00 PM | Saturday: 7:00 AM – 3:00 PM | Sunday: 7:00 AM – 3:00 PM
Pancake Social,3.9,1236,Atlanta,Old Fourth Ward,ChIJm4dx-x8F9YgRCbV4sEx73Vk,https://maps.google.com/?cid=6475467408537072905&g_mp=Cidnb29nbGUubWFwcy5wbGFjZXMudjEuUGxhY2VzLlNlYXJjaFRleHQQAhgEIAA,"brunch_restaurant, restaurant, food, point_of_interest, establishment",Monday: 7:00 AM – 2:00 PM | Tuesday: 7:00 AM – 2:00 PM | Wednesday: 7:00 AM – 2:00 PM | Thursday: 7:00 AM – 2:00 PM | Friday: 7:00 AM – 2:00 PM | Saturday: 7:00 AM – 3:00 PM | Sunday: 7:00 AM – 3:00 PM
Hansel & Gretel Bakery Cafe,4.2,276,Atlanta,Fairlie-Poplar,ChIJeypDcwAD9YgRaPfLfcuVVsg,https://maps.google.com/?cid=14435890356804122472&g_mp=Cidnb29nbGUubWFwcy5wbGFjZXMudjEuUGxhY2VzLlNlYXJjaFRleHQQAhgEIAA,"bakery, food_store, food, store, point_of_interest, establishment",Monday: 7:30 AM – 10:00 PM | Tuesday: 7:30 AM – 10:00 PM | Wednesday: 7:30 AM – 10:00 PM | Thursday: 7:30 AM – 12:00 AM | Friday: 7:30 AM – 12:00 AM | Saturday: 7:30 AM – 12:00 AM | Sunday: 7:30 AM – 10:00 PM
Pom Court,4.1,29,Atlanta,Midtown Atlanta,ChIJjSd39FoE9YgRoaYVtKqZAoM,https://maps.google.com/?cid=9440276727366788769&g_mp=Cidnb29nbGUubWFwcy5wbGFjZXMudjEuUGxhY2VzLlNlYXJjaFRleHQQAhgEIAA,"restaurant, brunch_restaurant, breakfast_restaurant, cafe, food, point_of_interest, establishment","Monday: 7:00 AM – 12:00 PM, 4:00 – 10:00 PM | Tuesday: 7:00 AM – 12:00 PM, 4:00 – 10:00 PM | Wednesday: 7:00 AM – 12:00 PM, 4:00 – 10:00 PM | Thursday: 7:00 AM – 12:00 PM, 4:00 – 10:00 PM | Friday: 7:00 AM – 12:00 PM, 4:00 – 10:00 PM | Saturday: 7:00 AM – 3:00 PM, 4:00 – 10:00 PM | Sunday: 7:00 AM – 10:00 PM"
illy Caffè Ponce,3.3,50,Atlanta,Poncey-Highland,ChIJY3VlNP4F9YgRtBDQamPbJOI,https://maps.google.com/?cid=16295390571773563060&g_mp=Cidnb29nbGUubWFwcy5wbGFjZXMudjEuUGxhY2VzLlNlYXJjaFRleHQQAhgEIAA,"coffee_shop, cafe, food_store, food, store, point_of_interest, establishment",Monday: 8:00 AM – 8:00 PM | Tuesday: 8:00 AM – 8:00 PM | Wednesday: 8:00 AM – 8:00 PM | Thursday: 8:00 AM – 8:00 PM | Friday: 8:00 AM – 8:00 PM | Saturday: 8:00 AM – 8:00 PM | Sunday: 8:00 AM – 8:00 PM
Three Peaches Gelato + Coffee,4.6,169,Atlanta,Midtown Atlanta,ChIJXcsYk5MF9YgRjzFpCh50GEc,https://maps.google.com/?cid=5122972248506446223&g_mp=Cidnb29nbGUubWFwcy5wbGFjZXMudjEuUGxhY2VzLlNlYXJjaFRleHQQAhgEIAA,"coffee_shop, vegan_restaurant, ice_cream_shop, cafe, dessert_shop, confectionery, food_store, vegetarian_restaurant, restaurant, food, store, point_of_interest, establishment",Monday: Closed | Tuesday: 7:30 AM – 5:00 PM | Wednesday: 7:30 AM – 7:00 PM | Thursday: 7:30 AM – 7:00 PM | Friday: 7:30 AM – 8:00 PM | Saturday: 7:30 AM – 8:00 PM | Sunday: 7:30 AM – 7:30 PM
White Windmill Bakery and Cafe 1331,4.7,34,Atlanta,Midtown Atlanta,ChIJu3FxAgAF9YgRuBsw71LHqZw,https://maps.google.com/?cid=11288773099995012024&g_mp=Cidnb29nbGUubWFwcy5wbGFjZXMudjEuUGxhY2VzLlNlYXJjaFRleHQQAhgEIAA,"bakery, coffee_shop, cafe, food_store, store, food, point_of_interest, establishment",Monday: 7:00 AM – 9:00 PM | Tuesday: 7:00 AM – 9:00 PM | Wednesday: 7:00 AM – 9:00 PM | Thursday: 7:00 AM – 9:00 PM | Friday: 7:00 AM – 10:00 PM | Saturday: 8:00 AM – 10:00 PM | Sunday: 8:00 AM – 8:00 PM
Stroll Atlanta,4.8,28,Atlanta,Midtown,ChIJMe9Ih2EF9YgRgksa6JQcQMg,https://maps.google.com/?cid=14429564631969844098&g_mp=Cidnb29nbGUubWFwcy5wbGFjZXMudjEuUGxhY2VzLlNlYXJjaFRleHQQAhgEIAA,"coffee_shop, cafe, food_store, food, point_of_interest, store, establishment",Monday: Closed | Tuesday: Closed | Wednesday: Closed | Thursday: Closed | Friday: 8:00 AM – 4:00 PM | Saturday: 9:00 AM – 4:00 PM | Sunday: 9:00 AM – 4:00 PM
San Francisco Coffee Roasting Co. (Midtown),4.8,9,Atlanta,Midtown Atlanta,ChIJ9c_pfAAF9YgRwtp-Psvxmnk,https://maps.google.com/?cid=8762581880231877314&g_mp=Cidnb29nbGUubWFwcy5wbGFjZXMudjEuUGxhY2VzLlNlYXJjaFRleHQQAhgEIAA,"coffee_shop, cafe, food_store, food, point_of_interest, store, establishment",Monday: 7:00 AM – 3:00 PM | Tuesday: 7:00 AM – 3:00 PM | Wednesday: 7:00 AM – 3:00 PM | Thursday: 7:00 AM – 3:00 PM | Friday: 7:00 AM – 3:00 PM | Saturday: 8:00 AM – 4:00 PM | Sunday: 8:00 AM – 4:00 PM
Bar Premio (FORTH Hotel),4.4,213,Atlanta,Old Fourth Ward,ChIJ2QakREwF9YgRU84U3m73Bck,https://maps.google.com/?cid=14485255832051437139&g_mp=Cidnb29nbGUubWFwcy5wbGFjZXMudjEuUGxhY2VzLlNlYXJjaFRleHQQAhgEIAA,"italian_restaurant, restaurant, point_of_interest, food, establishment",Monday: 5:00 – 10:00 PM | Tuesday: 5:00 – 10:00 PM | Wednesday: 5:00 – 10:00 PM | Thursday: 5:00 – 10:00 PM | Friday: 5:00 – 11:00 PM | Saturday: 5:00 – 11:00 PM | Sunday: 5:00 – 10:00 PM
Dope Coffee @ Azalea,4.9,64,Atlanta,Five Points,ChIJYXtLxXQD9YgRdyBDCoQQ_1s,https://maps.google.com/?cid=6629035335806558327&g_mp=Cidnb29nbGUubWFwcy5wbGFjZXMudjEuUGxhY2VzLlNlYXJjaFRleHQQAhgEIAA,"coffee_shop, cafe, food_store, food, store, point_of_interest, establishment",Monday: 8:30 AM – 2:00 PM | Tuesday: 8:30 AM – 2:00 PM | Wednesday: 8:30 AM – 2:00 PM | Thursday: 8:30 AM – 2:00 PM | Friday: Closed | Saturday: Closed | Sunday: Closed
Condesa Coffee (Old Fourth Ward),4.5,679,Atlanta,Old Fourth Ward,ChIJLwAzPwoE9YgR6sHCuP90Y0g,Condesa Coffee,"coffee_shop, cafe, event_venue, food_store, restaurant, food, point_of_interest, store, establishment",Monday: 7:00 AM – 4:00 PM | Tuesday: 7:00 AM – 4:00 PM | Wednesday: 7:00 AM – 4:00 PM | Thursday: 7:00 AM – 4:00 PM | Friday: 7:00 AM – 4:00 PM | Saturday: 8:00 AM – 4:00 PM | Sunday: 8:00 AM – 4:00 PM
Café Lucia (Downtown),4.3,681,Atlanta,Fairlie-Poplar,ChIJ2ad4IYcD9YgRtSYRsBsQ9dU,https://maps.google.com/?cid=15417246610476836533&g_mp=Cidnb29nbGUubWFwcy5wbGFjZXMudjEuUGxhY2VzLlNlYXJjaFRleHQQAhgEIAA,"coffee_shop, cafe, food_store, food, store, point_of_interest, establishment",Monday: 7:00 AM – 6:00 PM | Tuesday: 7:00 AM – 6:00 PM | Wednesday: 7:00 AM – 6:00 PM | Thursday: 7:00 AM – 6:00 PM | Friday: 7:00 AM – 6:00 PM | Saturday: 8:00 AM – 4:00 PM | Sunday: 8:00 AM – 4:00 PM
E + ROSE Cafe (O4W),4.6,124,Atlanta,Old Fourth Ward,ChIJDV_w_IIF9YgR4a5b9YPYDBM,https://maps.google.com/?cid=1372710047709900513&g_mp=Cidnb29nbGUubWFwcy5wbGFjZXMudjEuUGxhY2VzLlNlYXJjaFRleHQQAhgEIAA,"restaurant, food, point_of_interest, establishment",Monday: 7:00 AM – 7:00 PM | Tuesday: 7:00 AM – 7:00 PM | Wednesday: 7:00 AM – 7:00 PM | Thursday: 7:00 AM – 7:00 PM | Friday: 7:00 AM – 7:00 PM | Saturday: 7:00 AM – 7:00 PM | Sunday: 7:00 AM – 7:00 PM
Finca to Filter (O4W),4.4,216,Atlanta,Old Fourth Ward,ChIJ9zP3-ngF9YgR-YYUY0GWkzM,https://maps.google.com/?cid=3716479325090121465&g_mp=Cidnb29nbGUubWFwcy5wbGFjZXMudjEuUGxhY2VzLlNlYXJjaFRleHQQAhgEIAA,"coffee_shop, liquor_store, cafe, bakery, food_store, store, food, point_of_interest, establishment",Monday: 7:00 AM – 5:00 PM | Tuesday: 7:00 AM – 5:00 PM | Wednesday: 7:00 AM – 5:00 PM | Thursday: 7:00 AM – 5:00 PM | Friday: 7:00 AM – 5:00 PM | Saturday: 7:00 AM – 5:00 PM | Sunday: 7:00 AM – 5:00 PM
Azara Cafe,4.2,101,Atlanta,Poncey-Highland,ChIJK93Iqo0F9YgRBsCDbEq-kKI,https://maps.google.com/?cid=11714071857648091142&g_mp=Cidnb29nbGUubWFwcy5wbGFjZXMudjEuUGxhY2VzLlNlYXJjaFRleHQQAhgEIAA,"tapas_restaurant, latin_american_restaurant, mediterranean_restaurant, vegetarian_restaurant, bistro, coffee_shop, asian_fusion_restaurant, fusion_restaurant, asian_restaurant, cafe, restaurant, food_store, store, food, point_of_interest, establishment",Monday: Closed | Tuesday: 10:00 AM – 9:00 PM | Wednesday: 10:00 AM – 9:00 PM | Thursday: 10:00 AM – 9:00 PM | Friday: 10:00 AM – 11:00 PM | Saturday: 10:00 AM – 11:00 PM | Sunday: 10:00 AM – 9:00 PM
BarBar at the Darwin Hotel,4.9,101,Atlanta,Home Park,ChIJK-qpwOsF9YgRCL_-CZbKfl0,https://maps.google.com/?cid=6737044838354435848&g_mp=Cidnb29nbGUubWFwcy5wbGFjZXMudjEuUGxhY2VzLlNlYXJjaFRleHQQAhgEIAA,"barber_shop, hair_salon, beauty_salon, hair_care, manufacturer, health, supplier, store, service, point_of_interest, establishment",Monday: 8:00 AM – 3:00 PM | Tuesday: 8:00 AM – 3:00 PM | Wednesday: 8:00 AM – 3:00 PM | Thursday: 8:00 AM – 10:00 PM | Friday: 8:00 AM – 10:00 PM | Saturday: 8:00 AM – 10:00 PM | Sunday: Closed
Muchacho (West Midtown),4.6,70,Atlanta,Home Park,ChIJs4C2YwAF9YgRKt4kY79Szh8,https://maps.google.com/?cid=2291860242333752874&g_mp=Cidnb29nbGUubWFwcy5wbGFjZXMudjEuUGxhY2VzLlNlYXJjaFRleHQQAhgEIAA,"restaurant, food, point_of_interest, establishment",Monday: 8:00 AM – 10:00 PM | Tuesday: 8:00 AM – 10:00 PM | Wednesday: 8:00 AM – 10:00 PM | Thursday: 8:00 AM – 10:00 PM | Friday: 8:00 AM – 12:00 AM | Saturday: 8:00 AM – 12:00 AM | Sunday: 8:00 AM – 10:00 PM
PERC Coffee (Chastain),4.6,110,Atlanta,Buckhead,ChIJt8RpfQYP9YgRrIGm4TKEghE,https://maps.google.com/?cid=1261716199686177196&g_mp=Cidnb29nbGUubWFwcy5wbGFjZXMudjEuUGxhY2VzLlNlYXJjaFRleHQQAhgEIAA,"coffee_shop, cafe, food_store, store, food, point_of_interest, establishment",Monday: 7:00 AM – 6:00 PM | Tuesday: 7:00 AM – 6:00 PM | Wednesday: 7:00 AM – 6:00 PM | Thursday: 7:00 AM – 6:00 PM | Friday: 7:00 AM – 6:00 PM | Saturday: 7:00 AM – 6:00 PM | Sunday: 7:00 AM – 6:00 PM
The Chastain,4.5,738,Atlanta,Chastain Park,ChIJ1Wi-NlMP9YgRCVbGo4ZgWu4,https://maps.google.com/?cid=17175146260320376329&g_mp=Cidnb29nbGUubWFwcy5wbGFjZXMudjEuUGxhY2VzLlNlYXJjaFRleHQQAhgEIAA,"restaurant, food, point_of_interest, establishment","Monday: 7:00 AM – 2:00 PM | Tuesday: 7:00 AM – 2:00 PM, 5:00 – 9:00 PM | Wednesday: 7:00 AM – 2:00 PM, 5:00 – 9:00 PM | Thursday: 7:00 AM – 2:00 PM, 5:00 – 9:00 PM | Friday: 7:00 AM – 2:00 PM, 5:00 – 10:00 PM | Saturday: 8:00 AM – 2:00 PM, 5:00 – 10:00 PM | Sunday: 8:00 AM – 2:00 PM, 5:00 – 9:00 PM"
BOSK Coffee Wine & Tapas,4.7,30,Atlanta,Fairburn Mays,ChIJx-8knPId9YgRpVFAHmiCnl0,https://maps.google.com/?cid=6745972675543323045&g_mp=Cidnb29nbGUubWFwcy5wbGFjZXMudjEuUGxhY2VzLlNlYXJjaFRleHQQAhgEIAA,"restaurant, wine_bar, acai_shop, brazilian_restaurant, coffee_shop, cafe, catering_service, food_delivery, breakfast_restaurant, bar, food_store, store, service, food, point_of_interest, establishment",Monday: 8:00 AM – 3:00 PM | Tuesday: 8:00 AM – 3:00 PM | Wednesday: 8:00 AM – 7:00 PM | Thursday: 8:00 AM – 7:00 PM | Friday: 8:00 AM – 7:00 PM | Saturday: 9:00 AM – 7:00 PM | Sunday: 12:00 – 4:00 PM
Mocha Delites (East Point),4,22,East Point,Jefferson Park,ChIJtfP20lId9YgRrra6oAxjg3M,https://maps.google.com/?cid=8323605442198156974&g_mp=Cidnb29nbGUubWFwcy5wbGFjZXMudjEuUGxhY2VzLlNlYXJjaFRleHQQAhgEIAA,"coffee_shop, cafe, food_store, food, store, point_of_interest, establishment",
Blackbird Coffee,4.7,498,Milledgeville,,ChIJDaDh3t3H9ogRFrVFoqTDMns,https://maps.google.com/?cid=8877372927365199126&g_mp=Cidnb29nbGUubWFwcy5wbGFjZXMudjEuUGxhY2VzLlNlYXJjaFRleHQQAhgEIAA,"coffee_shop, cafe, food_store, restaurant, food, store, point_of_interest, establishment",Monday: 7:00 AM – 8:00 PM | Tuesday: 7:00 AM – 8:00 PM | Wednesday: 7:00 AM – 8:00 PM | Thursday: 7:00 AM – 9:00 PM | Friday: 7:00 AM – 9:00 PM | Saturday: 7:00 AM – 9:00 PM | Sunday: 8:00 AM – 8:00 PM
Morning Grind,4.9,213,Milledgeville,,ChIJLyxH12_H9ogRwKQbVwqPIek,https://maps.google.com/?cid=16798865359642535104&g_mp=Cidnb29nbGUubWFwcy5wbGFjZXMudjEuUGxhY2VzLlNlYXJjaFRleHQQAhgEIAA,"coffee_shop, cafe, food_store, food, point_of_interest, store, establishment",Monday: 7:00 AM – 5:00 PM | Tuesday: 7:00 AM – 5:00 PM | Wednesday: 7:00 AM – 5:00 PM | Thursday: 7:00 AM – 5:00 PM | Friday: 7:00 AM – 5:00 PM | Saturday: 8:00 AM – 3:00 PM | Sunday: Closed
The Bearded Bean Coffee & Provisions,4.9,134,Toccoa,,ChIJRfW9MO69WIgRTTGPmta4s4k,https://maps.google.com/?cid=9922477635882922317&g_mp=Cidnb29nbGUubWFwcy5wbGFjZXMudjEuUGxhY2VzLlNlYXJjaFRleHQQAhgEIAA,"restaurant, point_of_interest, food, establishment",Monday: 7:00 AM – 2:30 PM | Tuesday: 7:00 AM – 2:30 PM | Wednesday: 7:00 AM – 2:30 PM | Thursday: 7:00 AM – 2:30 PM | Friday: 7:00 AM – 2:30 PM | Saturday: 10:00 AM – 2:00 PM | Sunday: 10:00 AM – 2:00 PM
Living Room Roasters,4.9,39,Toccoa,,ChIJYS2SiTIAnikRy2LRdehEwx0,https://maps.google.com/?cid=2144633612758246091&g_mp=Cidnb29nbGUubWFwcy5wbGFjZXMudjEuUGxhY2VzLlNlYXJjaFRleHQQAhgEIAA,"coffee_roastery, food, point_of_interest, establishment",Monday: Closed | Tuesday: Closed | Wednesday: 9:00 AM – 4:00 PM | Thursday: 9:00 AM – 4:00 PM | Friday: 9:00 AM – 4:00 PM | Saturday: 9:00 AM – 4:00 PM | Sunday: Closed
Mountain Mama's Coffee Lounge,4.7,658,Blue Ridge,,ChIJ2-VQusmnX4gRDN2lzFHCUag,https://maps.google.com/?cid=12128688928067017996&g_mp=Cidnb29nbGUubWFwcy5wbGFjZXMudjEuUGxhY2VzLlNlYXJjaFRleHQQAhgEIAA,"coffee_shop, cafe, food_store, store, food, point_of_interest, establishment",Monday: 7:00 AM – 7:00 PM | Tuesday: 7:00 AM – 7:00 PM | Wednesday: 7:00 AM – 7:00 PM | Thursday: 7:00 AM – 7:00 PM | Friday: 7:00 AM – 7:00 PM | Saturday: 7:00 AM – 7:00 PM | Sunday: 7:00 AM – 7:00 PM
Das Kaffee Haus,4.5,634,Blue Ridge,,ChIJ1S5A6FmmX4gRDgP6c4NHx_U,https://maps.google.com/?cid=17710202689569817358&g_mp=Cidnb29nbGUubWFwcy5wbGFjZXMudjEuUGxhY2VzLlNlYXJjaFRleHQQAhgEIAA,"coffee_shop, cafe, food_store, food, point_of_interest, store, establishment",Monday: 9:00 AM – 5:00 PM | Tuesday: 9:00 AM – 5:00 PM | Wednesday: 9:00 AM – 5:00 PM | Thursday: 9:00 AM – 5:00 PM | Friday: 9:00 AM – 5:00 PM | Saturday: 9:00 AM – 5:00 PM | Sunday: 9:00 AM – 5:00 PM
Copper Fox Bookstore & Coffee Bar,4.7,96,Blue Ridge,,ChIJLQazsMGnX4gRg49D8iDMIm0,https://maps.google.com/?cid=7864072341217841027&g_mp=Cidnb29nbGUubWFwcy5wbGFjZXMudjEuUGxhY2VzLlNlYXJjaFRleHQQAhgEIAA,"book_store, coffee_shop, cafe, food_store, store, restaurant, food, point_of_interest, establishment",Monday: 9:00 AM – 5:00 PM | Tuesday: 9:00 AM – 5:00 PM | Wednesday: 9:00 AM – 7:00 PM | Thursday: 9:00 AM – 7:00 PM | Friday: 9:00 AM – 7:00 PM | Saturday: 9:00 AM – 7:00 PM | Sunday: 9:00 AM – 7:00 PM
Tallulah 1882,4.8,726,Tallulah Falls,,ChIJkci8Xo3HWIgRDCfOonbeEtw,https://maps.google.com/?cid=15857981839043864332&g_mp=Cidnb29nbGUubWFwcy5wbGFjZXMudjEuUGxhY2VzLlNlYXJjaFRleHQQAhgEIAA,"tea_house, coffee_shop, pastry_shop, dessert_shop, confectionery, cafe, bakery, food_store, store, food, point_of_interest, establishment",Monday: 7:30 AM – 6:00 PM | Tuesday: 7:30 AM – 6:00 PM | Wednesday: 7:30 AM – 6:00 PM | Thursday: 7:30 AM – 6:00 PM | Friday: 7:30 AM – 6:00 PM | Saturday: 7:30 AM – 6:00 PM | Sunday: 7:30 AM – 6:00 PM
Café Vendôme 4969,4.2,576,Atlanta,,ChIJy14-2B0P9YgRX31ta7Zc2HU,https://maps.google.com/?cid=8491639035963211103&g_mp=Cidnb29nbGUubWFwcy5wbGFjZXMudjEuUGxhY2VzLlNlYXJjaFRleHQQAhgEIAA,"cafe, brunch_restaurant, meal_takeaway, pastry_shop, dessert_shop, confectionery, breakfast_restaurant, coffee_shop, bakery, meal_delivery, food_delivery, food_store, restaurant, food, store, event_venue, point_of_interest, establishment",Monday: 8:00 AM – 4:00 PM | Tuesday: 8:00 AM – 4:00 PM | Wednesday: 8:00 AM – 4:00 PM | Thursday: 8:00 AM – 4:00 PM | Friday: 8:00 AM – 4:00 PM | Saturday: 8:00 AM – 4:00 PM | Sunday: 8:30 AM – 4:00 PM
Fluffy Fluffy Dessert Cafe (Tucker),4.5,286,Tucker,Northlake,ChIJbeIhbQCn9YgR6WZTUZcTSRk,https://maps.google.com/?cid=1822009064873486057&g_mp=Cidnb29nbGUubWFwcy5wbGFjZXMudjEuUGxhY2VzLlNlYXJjaFRleHQQAhgEIAA,"bakery, food_store, store, food, point_of_interest, establishment",Monday: 10:00 AM – 9:00 PM | Tuesday: 10:00 AM – 9:00 PM | Wednesday: 10:00 AM – 9:00 PM | Thursday: 10:00 AM – 9:00 PM | Friday: 10:00 AM – 9:30 PM | Saturday: 9:00 AM – 9:30 PM | Sunday: 9:00 AM – 9:00 PM
ChocoLate Coffee 2558,4.5,580,Atlanta,,ChIJRR_bMBQI9YgRLNJV2iogys0,https://maps.google.com/?cid=14828700091494552108&g_mp=Cidnb29nbGUubWFwcy5wbGFjZXMudjEuUGxhY2VzLlNlYXJjaFRleHQQAhgEIAA,"coffee_shop, cafe, food_store, food, store, point_of_interest, establishment",Monday: 6:30 AM – 7:00 PM | Tuesday: 6:30 AM – 7:00 PM | Wednesday: 6:30 AM – 7:00 PM | Thursday: 6:30 AM – 7:00 PM | Friday: 6:30 AM – 7:00 PM | Saturday: 7:00 AM – 7:00 PM | Sunday: 7:00 AM – 7:00 PM
Chattahoochee Coffee Co. at the Eddy,4.4,143,Mableton,,ChIJK93CaQYb9YgReVnG4vuDGBc,https://maps.google.com/?cid=1664225180178078073&g_mp=Cidnb29nbGUubWFwcy5wbGFjZXMudjEuUGxhY2VzLlNlYXJjaFRleHQQAhgEIAA,"coffee_shop, cafe, food_store, food, store, point_of_interest, establishment",Monday: 7:30 AM – 5:00 PM | Tuesday: 7:30 AM – 5:00 PM | Wednesday: 7:30 AM – 5:00 PM | Thursday: 7:30 AM – 5:00 PM | Friday: 7:30 AM – 5:00 PM | Saturday: 8:00 AM – 5:00 PM | Sunday: 9:00 AM – 4:00 PM
Cupanion's Kitchen + Coffee,4.7,381,Atlanta,,ChIJiVsxJZQP9YgRE-VjnMQ3wxY,https://maps.google.com/?cid=1640216006869902611&g_mp=Cidnb29nbGUubWFwcy5wbGFjZXMudjEuUGxhY2VzLlNlYXJjaFRleHQQAhgEIAA,"cafe, breakfast_restaurant, restaurant, food, point_of_interest, establishment",Monday: Closed | Tuesday: 8:00 AM – 3:00 PM | Wednesday: 8:00 AM – 3:00 PM | Thursday: 8:00 AM – 3:00 PM | Friday: 8:00 AM – 3:00 PM | Saturday: 8:00 AM – 3:00 PM | Sunday: Closed
Kuku Ethiopian Coffee,4.7,95,Clarkston,,ChIJPYPwHSSp9YgRkW4B3SKHGs4,https://maps.google.com/?cid=14851331305014128273&g_mp=Cidnb29nbGUubWFwcy5wbGFjZXMudjEuUGxhY2VzLlNlYXJjaFRleHQQAhgEIAA,"coffee_shop, cafe, food_store, store, food, point_of_interest, establishment",
Read Shop by The Merchant,4.6,578,Atlanta,,ChIJR0p26m4Q9YgRw1qv6jQcG4k,https://maps.google.com/?cid=9879521221168552643&g_mp=Cidnb29nbGUubWFwcy5wbGFjZXMudjEuUGxhY2VzLlNlYXJjaFRleHQQAhgEIAA,"coffee_shop, cafe, book_store, food_store, food, store, point_of_interest, establishment",Monday: 7:00 AM – 7:00 PM | Tuesday: 7:00 AM – 7:00 PM | Wednesday: 7:00 AM – 7:00 PM | Thursday: 7:00 AM – 7:00 PM | Friday: 7:00 AM – 7:00 PM | Saturday: 8:00 AM – 7:00 PM | Sunday: 8:00 AM – 6:00 PM
Café Belli,4.7,293,Atlanta,,ChIJRVZNIir99IgRi2Bn1jIMtIw,https://maps.google.com/?cid=10138742073602826379&g_mp=Cidnb29nbGUubWFwcy5wbGFjZXMudjEuUGxhY2VzLlNlYXJjaFRleHQQAhgEIAA,"bar, cocktail_bar, wine_bar, coffee_shop, cafe, food_store, restaurant, point_of_interest, food, store, establishment","Monday: 7:00 AM – 2:00 PM | Tuesday: 7:00 AM – 2:00 PM, 5:00 – 11:00 PM | Wednesday: 7:00 AM – 2:00 PM, 5:00 – 11:00 PM | Thursday: 7:00 AM – 2:00 PM, 5:00 – 11:00 PM | Friday: 7:00 AM – 2:00 PM, 5:00 PM – 12:00 AM | Saturday: 9:00 AM – 3:00 PM, 5:00 PM – 12:00 AM | Sunday: 9:00 AM – 3:00 PM, 5:00 – 11:00 PM"
Refuge Coffee Co. Clarkston,4.8,869,Clarkston,,ChIJa7lUBUWo9YgRa_v2rfkf5So,https://maps.google.com/?cid=3090911876485675883&g_mp=Cidnb29nbGUubWFwcy5wbGFjZXMudjEuUGxhY2VzLlNlYXJjaFRleHQQAhgEIAA,"coffee_shop, cafe, food_store, food, store, point_of_interest, establishment",Monday: 7:00 AM – 5:00 PM | Tuesday: 7:00 AM – 5:00 PM | Wednesday: 7:00 AM – 5:00 PM | Thursday: 7:00 AM – 5:00 PM | Friday: 7:00 AM – 5:00 PM | Saturday: 7:00 AM – 5:00 PM | Sunday: Closed
Kupcakerie,4.6,850,East Point,Downtown,ChIJaX9DD1Md9YgRw6XpwH5irhc,https://maps.google.com/?cid=1706409605361935811&g_mp=Cidnb29nbGUubWFwcy5wbGFjZXMudjEuUGxhY2VzLlNlYXJjaFRleHQQAhgEIAA,"coffee_shop, cafe, dessert_shop, confectionery, bakery, service, manufacturer, food_store, store, point_of_interest, food, establishment",Monday: 7:00 AM – 7:00 PM | Tuesday: 7:00 AM – 7:00 PM | Wednesday: 7:00 AM – 7:00 PM | Thursday: 7:00 AM – 7:00 PM | Friday: 7:00 AM – 7:00 PM | Saturday: 7:00 AM – 7:00 PM | Sunday: 12:00 – 6:00 PM
Coffee Man (Hapeville),4.6,187,Atlanta,,ChIJNeb9Wv799IgREKKVj2O1IWY,https://maps.google.com/?cid=7359362705315439120&g_mp=Cidnb29nbGUubWFwcy5wbGFjZXMudjEuUGxhY2VzLlNlYXJjaFRleHQQAhgEIAA,"coffee_shop, cafe, food_store, store, food, point_of_interest, establishment",Monday: 7:00 AM – 5:00 PM | Tuesday: 7:00 AM – 5:00 PM | Wednesday: 7:00 AM – 5:00 PM | Thursday: 7:00 AM – 5:00 PM | Friday: 7:00 AM – 5:00 PM | Saturday: 8:00 AM – 2:00 PM | Sunday: 8:00 AM – 2:00 PM
Freddo Gelato & Coffee,4.7,106,Atlanta,,ChIJc0jUtN4J9YgRZdyy7vgGwwA,https://maps.google.com/?cid=54895286684933221&g_mp=Cidnb29nbGUubWFwcy5wbGFjZXMudjEuUGxhY2VzLlNlYXJjaFRleHQQAhgEIAA,"ice_cream_shop, dessert_shop, confectionery, food_store, food, store, point_of_interest, establishment",Monday: 11:00 AM – 9:00 PM | Tuesday: 11:00 AM – 9:00 PM | Wednesday: 11:00 AM – 9:00 PM | Thursday: 11:00 AM – 9:00 PM | Friday: 11:00 AM – 11:00 PM | Saturday: 11:00 AM – 11:00 PM | Sunday: 12:00 – 9:00 PM
Choice Coffee Co,4.6,42,Chamblee,,ChIJP1XppfkJ9YgRY-aqsiY5Ngg,https://maps.google.com/?cid=591723239414883939&g_mp=Cidnb29nbGUubWFwcy5wbGFjZXMudjEuUGxhY2VzLlNlYXJjaFRleHQQAhgEIAA,"coffee_shop, cafe, food_store, food, store, point_of_interest, establishment",Monday: 8:00 AM – 1:00 PM | Tuesday: 8:00 AM – 4:00 PM | Wednesday: 8:00 AM – 4:00 PM | Thursday: 8:00 AM – 4:00 PM | Friday: 8:00 AM – 4:00 PM | Saturday: 9:00 AM – 4:00 PM | Sunday: 9:00 AM – 3:00 PM
The Corner Cup Coffee (Decatur),4.8,627,Decatur,,ChIJgeovpxmo9YgRSyuA0yvlGTY,https://maps.google.com/?cid=3898398928860621643&g_mp=Cidnb29nbGUubWFwcy5wbGFjZXMudjEuUGxhY2VzLlNlYXJjaFRleHQQAhgEIAA,"coffee_shop, cafe, tea_house, food_store, store, food, point_of_interest, establishment",Monday: 6:00 AM – 5:00 PM | Tuesday: 6:00 AM – 5:00 PM | Wednesday: 6:00 AM – 5:00 PM | Thursday: 6:00 AM – 5:00 PM | Friday: 6:00 AM – 5:00 PM | Saturday: 7:00 AM – 5:00 PM | Sunday: 7:00 AM – 5:00 PM
Cafe Comma,4.3,582,Atlanta,,ChIJtWWRVnsR9YgRE_zC67k-1Ts,https://maps.google.com/?cid=4311421186522414099&g_mp=Cidnb29nbGUubWFwcy5wbGFjZXMudjEuUGxhY2VzLlNlYXJjaFRleHQQAhgEIAA,"coffee_shop, cake_shop, brunch_restaurant, cafe, bakery, wholesaler, food_store, manufacturer, restaurant, food, store, point_of_interest, establishment",Monday: 8:00 AM – 6:00 PM | Tuesday: 8:00 AM – 6:00 PM | Wednesday: 8:00 AM – 6:00 PM | Thursday: 8:00 AM – 6:00 PM | Friday: 8:00 AM – 6:00 PM | Saturday: 9:00 AM – 7:00 PM | Sunday: 9:00 AM – 7:00 PM
Block & Drum,4.4,132,Chamblee,,ChIJgRWLPi8J9YgR7R72Jmnlvk0,https://maps.google.com/?cid=5602167226283466477&g_mp=Cidnb29nbGUubWFwcy5wbGFjZXMudjEuUGxhY2VzLlNlYXJjaFRleHQQAhgEIAA,"cocktail_bar, coffee_shop, live_music_venue, cafe, bar, food_store, food, store, event_venue, point_of_interest, manufacturer, establishment",Monday: Closed | Tuesday: Closed | Wednesday: 6:30 PM – 12:30 AM | Thursday: 6:30 PM – 12:30 AM | Friday: 6:30 PM – 12:30 AM | Saturday: 5:00 PM – 12:30 AM | Sunday: 5:00 – 10:30 PM
JPresso,4.9,532,Hapeville,,ChIJNftmZar99IgRyeCnGYnqPvU,https://maps.google.com/?cid=17671819862410256585&g_mp=Cidnb29nbGUubWFwcy5wbGFjZXMudjEuUGxhY2VzLlNlYXJjaFRleHQQAhgEIAA,"coffee_shop, cafe, food_store, store, food, point_of_interest, establishment",Monday: 7:00 AM – 2:00 PM | Tuesday: 7:00 AM – 2:00 PM | Wednesday: 7:00 AM – 2:00 PM | Thursday: 7:00 AM – 2:00 PM | Friday: 7:00 AM – 2:00 PM | Saturday: 8:00 AM – 2:00 PM | Sunday: Closed
Lightwell Coffee,4.7,220,Warner Robins,,ChIJrWWeed7n84gR0Wo1NKV5GRA,https://maps.google.com/?cid=1160092129477094097&g_mp=Cidnb29nbGUubWFwcy5wbGFjZXMudjEuUGxhY2VzLlNlYXJjaFRleHQQAhgEIAA,"coffee_shop, cafe, food_store, food, store, point_of_interest, establishment",Monday: Closed | Tuesday: 6:30 AM – 12:30 PM | Wednesday: 6:30 AM – 2:30 PM | Thursday: 6:30 AM – 2:30 PM | Friday: 6:30 AM – 2:30 PM | Saturday: 6:30 AM – 5:00 PM | Sunday: 9:00 AM – 1:00 PM
Abide Coffee Hiawassee,4.7,89,Hiawassee,,ChIJ7_FQ0ycvX4gRtKrh3t0op-4,https://maps.google.com/?cid=17196758635529743028&g_mp=Cidnb29nbGUubWFwcy5wbGFjZXMudjEuUGxhY2VzLlNlYXJjaFRleHQQAhgEIAA,"coffee_shop, cafe, food_store, food, store, point_of_interest, establishment",
Amelia's Cafe,4.8,38,Hiawassee,,ChIJLVa5xJQpX4gRPQj_SW7uI6U,https://maps.google.com/?cid=11899616797898246205&g_mp=Cidnb29nbGUubWFwcy5wbGFjZXMudjEuUGxhY2VzLlNlYXJjaFRleHQQAhgEIAA,"coffee_shop, donut_shop, liquor_store, bakery, gift_shop, cafe, food_store, store, food, point_of_interest, establishment",Monday: Closed | Tuesday: Closed | Wednesday: Closed | Thursday: Closed | Friday: 9:30 AM – 5:00 PM | Saturday: 9:30 AM – 5:00 PM | Sunday: 9:30 AM – 1:30 PM
Laylo Cafe,4.4,156,Chamblee,,ChIJZ0LkzeMJ9YgRR1W1p_xhQYw,https://maps.google.com/?cid=10106466776569435463&g_mp=Cidnb29nbGUubWFwcy5wbGFjZXMudjEuUGxhY2VzLlNlYXJjaFRleHQQAhgEIAA,"bakery, food_store, store, food, point_of_interest, establishment",Monday: Closed | Tuesday: 7:00 AM – 6:00 PM | Wednesday: 7:00 AM – 6:00 PM | Thursday: 7:00 AM – 6:00 PM | Friday: 7:00 AM – 6:00 PM | Saturday: 8:00 AM – 6:00 PM | Sunday: 8:00 AM – 6:00 PM
Family Baking / Rolls Village,4.8,258,Chamblee,,ChIJl5raKhwJ9YgRiyGhAGi7NgU,https://maps.google.com/?cid=375693674293567883&g_mp=Cidnb29nbGUubWFwcy5wbGFjZXMudjEuUGxhY2VzLlNlYXJjaFRleHQQAhgEIAA,"bakery, tea_house, cake_shop, cafe, wholesaler, food_store, food, manufacturer, point_of_interest, store, establishment",Monday: 8:30 AM – 7:00 PM | Tuesday: Closed | Wednesday: 8:30 AM – 7:00 PM | Thursday: 8:30 AM – 7:00 PM | Friday: 8:30 AM – 8:00 PM | Saturday: 8:30 AM – 8:00 PM | Sunday: 8:30 AM – 7:00 PM
Kin Coffee Co.,4.8,167,Chamblee,,ChIJZbOXDAIJ9YgR0yLsz8v6_Cc,https://maps.google.com/?cid=2881453614883939027&g_mp=Cidnb29nbGUubWFwcy5wbGFjZXMudjEuUGxhY2VzLlNlYXJjaFRleHQQAhgEIAA,"coffee_shop, cafe, food_store, food, store, point_of_interest, establishment",Monday: 7:00 AM – 3:00 PM | Tuesday: 7:00 AM – 3:00 PM | Wednesday: 7:00 AM – 3:00 PM | Thursday: 7:00 AM – 3:00 PM | Friday: 7:00 AM – 3:00 PM | Saturday: 9:00 AM – 3:00 PM | Sunday: Closed
Stellow Coffee & Floral,4.8,119,Chamblee,,ChIJDZUG7dEb9YgR-zatKbSwJ4k,https://maps.google.com/?cid=9883062195127662331&g_mp=Cidnb29nbGUubWFwcy5wbGFjZXMudjEuUGxhY2VzLlNlYXJjaFRleHQQAhgEIAA,"coffee_shop, coffee_stand, catering_service, food_delivery, cafe, food_store, store, food, point_of_interest, service, establishment",Monday: 7:00 AM – 4:00 PM | Tuesday: 7:00 AM – 4:00 PM | Wednesday: 7:00 AM – 4:00 PM | Thursday: 7:00 AM – 4:00 PM | Friday: 7:00 AM – 4:00 PM | Saturday: 8:00 AM – 3:00 PM | Sunday: 8:00 AM – 3:00 PM
Bolivar Coffee,4.8,569,Smyrna,,ChIJjx9I3XMb9YgR4uhKUlXpfGU,Bolivar Coffee,"cafe, sandwich_shop, dessert_restaurant, colombian_restaurant, breakfast_restaurant, brunch_restaurant, coffee_shop, catering_service, food_delivery, bakery, service, food_store, store, restaurant, point_of_interest, food, establishment",Monday: 7:00 AM – 6:00 PM | Tuesday: 7:00 AM – 6:00 PM | Wednesday: 7:00 AM – 6:00 PM | Thursday: 7:00 AM – 6:00 PM | Friday: 7:00 AM – 6:00 PM | Saturday: 8:00 AM – 5:00 PM | Sunday: 8:00 AM – 5:00 PM
Drip-Thru Coffee (College Park),4.6,494,College Park,,ChIJhZpjUjzj9IgR3tP_6LwHMBw,https://maps.google.com/?cid=2031131939888419806&g_mp=Cidnb29nbGUubWFwcy5wbGFjZXMudjEuUGxhY2VzLlNlYXJjaFRleHQQAhgEIAA,"coffee_shop, cafe, food_store, store, food, point_of_interest, establishment",Monday: 6:00 AM – 4:00 PM | Tuesday: 6:00 AM – 4:00 PM | Wednesday: 6:00 AM – 4:00 PM | Thursday: 6:00 AM – 4:00 PM | Friday: 6:00 AM – 4:00 PM | Saturday: 7:00 AM – 4:00 PM | Sunday: 7:00 AM – 4:00 PM
LiveWire Coffee Pop-Up,5,24,Chamblee,,ChIJQc_1cZJUlQkRGpdHOSduz9U,https://maps.google.com/?cid=15406653965001529114&g_mp=Cidnb29nbGUubWFwcy5wbGFjZXMudjEuUGxhY2VzLlNlYXJjaFRleHQQAhgEIAA,"coffee_roastery, catering_service, food_delivery, food, service, point_of_interest, establishment",
The Bronx Bagel Buggy,4.3,478,Chamblee,,ChIJOZKp87EJ9YgR0KConhmt-xs,https://maps.google.com/?cid=2016395583726067920&g_mp=Cidnb29nbGUubWFwcy5wbGFjZXMudjEuUGxhY2VzLlNlYXJjaFRleHQQAhgEIAA,"bagel_shop, breakfast_restaurant, meal_takeaway, bakery, food_store, store, restaurant, food, point_of_interest, establishment",Monday: Closed | Tuesday: Closed | Wednesday: 7:00 AM – 2:00 PM | Thursday: 7:00 AM – 2:00 PM | Friday: 7:00 AM – 2:00 PM | Saturday: 7:00 AM – 2:00 PM | Sunday: 7:00 AM – 2:00 PM
Sidecar Coffee,4.8,163,Chamblee,,ChIJW8plUZIJ9YgRaGT4cwbrcUk,https://maps.google.com/?cid=5292269450085033064&g_mp=Cidnb29nbGUubWFwcy5wbGFjZXMudjEuUGxhY2VzLlNlYXJjaFRleHQQAhgEIAA,"cafe, food, point_of_interest, establishment",Monday: 7:30 AM – 4:00 PM | Tuesday: 7:30 AM – 4:00 PM | Wednesday: 7:30 AM – 4:00 PM | Thursday: 7:30 AM – 4:00 PM | Friday: 7:30 AM – 4:00 PM | Saturday: 8:00 AM – 4:00 PM | Sunday: 8:00 AM – 4:00 PM
D'Cuban Cafe chamblee,4.6,713,Chamblee,,ChIJN_c2XWMJ9YgRqMGs4Lu3yB0,Google Maps,"cuban_restaurant, caribbean_restaurant, latin_american_restaurant, brunch_restaurant, breakfast_restaurant, sandwich_shop, coffee_shop, cafe, restaurant, food_store, store, food, point_of_interest, establishment",Monday: 7:00 AM – 9:00 PM | Tuesday: 7:00 AM – 9:00 PM | Wednesday: 7:00 AM – 9:00 PM | Thursday: 7:00 AM – 9:00 PM | Friday: 7:00 AM – 9:00 PM | Saturday: 8:00 AM – 9:00 PM | Sunday: 10:00 AM – 8:00 PM
Good Kitchen (Smyrna),4.6,328,Smyrna,,ChIJJ6os_DER9YgR2I18Hso2kaA,https://maps.google.com/?cid=11570089159414287832&g_mp=Cidnb29nbGUubWFwcy5wbGFjZXMudjEuUGxhY2VzLlNlYXJjaFRleHQQAhgEIAA,"salad_shop, breakfast_restaurant, vegan_restaurant, vegetarian_restaurant, catering_service, coffee_shop, cafe, food_store, food_delivery, restaurant, food, service, store, point_of_interest, establishment",Monday: 8:00 AM – 4:00 PM | Tuesday: 8:00 AM – 4:00 PM | Wednesday: 8:00 AM – 8:00 PM | Thursday: 8:00 AM – 8:00 PM | Friday: 8:00 AM – 9:00 PM | Saturday: 8:00 AM – 9:00 PM | Sunday: 8:00 AM – 4:00 PM
Cafe Lucia (Smyrna),4,699,Smyrna,,ChIJ38IbXs4Q9YgRkj9yGQaGulM,https://maps.google.com/?cid=6033282011571044242&g_mp=Cidnb29nbGUubWFwcy5wbGFjZXMudjEuUGxhY2VzLlNlYXJjaFRleHQQAhgEIAA,"cafe, breakfast_restaurant, coffee_shop, brunch_restaurant, food_store, restaurant, food, store, point_of_interest, establishment",Monday: 7:00 AM – 8:00 PM | Tuesday: 7:00 AM – 8:00 PM | Wednesday: 7:00 AM – 8:00 PM | Thursday: 7:00 AM – 8:00 PM | Friday: 7:00 AM – 8:00 PM | Saturday: 8:00 AM – 8:00 PM | Sunday: 8:00 AM – 7:00 PM
C'est la Vie Cafe,4.6,107,College Park,,ChIJG5KzeQDj9IgR9UjFZNLCpyw,https://maps.google.com/?cid=3217754667669080309&g_mp=Cidnb29nbGUubWFwcy5wbGFjZXMudjEuUGxhY2VzLlNlYXJjaFRleHQQAhgEIAA,"coffee_shop, cafe, food_store, store, food, point_of_interest, establishment",Monday: 8:00 AM – 4:00 PM | Tuesday: 8:00 AM – 4:00 PM | Wednesday: 8:00 AM – 4:00 PM | Thursday: 8:00 AM – 4:00 PM | Friday: 8:00 AM – 4:00 PM | Saturday: 8:00 AM – 4:00 PM | Sunday: 9:00 AM – 4:00 PM
Dancing Rabbits Espresso and Wine,4.9,81,Blairsville,,ChIJ9f3pXwAXX4gR7ARXIf8L1lg,https://maps.google.com/?cid=6401317110757655788&g_mp=Cidnb29nbGUubWFwcy5wbGFjZXMudjEuUGxhY2VzLlNlYXJjaFRleHQQAhgEIAA,"coffee_shop, wine_bar, cafe, liquor_store, bar, food_store, food, store, point_of_interest, establishment",Monday: 6:00 AM – 8:00 PM | Tuesday: 6:00 AM – 8:00 PM | Wednesday: 6:00 AM – 8:00 PM | Thursday: 6:00 AM – 8:00 PM | Friday: 6:00 AM – 8:00 PM | Saturday: 6:00 AM – 8:00 PM | Sunday: 6:00 AM – 8:00 PM
White Birch Provisions,4.8,516,Clayton,,ChIJbRyFncDaWIgRZC05vdFnAhE,https://maps.google.com/?cid=1225656199118663012&g_mp=Cidnb29nbGUubWFwcy5wbGFjZXMudjEuUGxhY2VzLlNlYXJjaFRleHQQAhgEIAA,"coffee_shop, grocery_store, cafe, bakery, food_store, food, store, point_of_interest, establishment",Monday: 7:00 AM – 4:00 PM | Tuesday: 7:00 AM – 4:00 PM | Wednesday: 7:00 AM – 4:00 PM | Thursday: 7:00 AM – 4:00 PM | Friday: 7:00 AM – 4:00 PM | Saturday: 7:00 AM – 4:00 PM | Sunday: 7:00 AM – 4:00 PM
Rev Coffee,4.7,2600,Smyrna,,ChIJD8gatsMQ9YgRTueabDLTpAw,https://maps.google.com/?cid=911085238159599438&g_mp=Cidnb29nbGUubWFwcy5wbGFjZXMudjEuUGxhY2VzLlNlYXJjaFRleHQQAhgEIAA,"coffee_shop, cafe, bakery, tea_house, food_store, store, food, point_of_interest, establishment",Monday: 6:00 AM – 10:00 PM | Tuesday: 6:00 AM – 10:00 PM | Wednesday: 6:00 AM – 10:00 PM | Thursday: 6:00 AM – 10:00 PM | Friday: 6:00 AM – 10:00 PM | Saturday: 7:00 AM – 10:00 PM | Sunday: 7:00 AM – 10:00 PM
Just Love Coffee Cafe - Atlanta Perimeter,4.6,752,Sandy Springs,Perimeter Center,ChIJPUVLdTQJ9YgROfn7xob9Fn4,https://maps.google.com/?cid=9085728053572401465&g_mp=Cidnb29nbGUubWFwcy5wbGFjZXMudjEuUGxhY2VzLlNlYXJjaFRleHQQAhgEIAA,"coffee_shop, breakfast_restaurant, brunch_restaurant, cafe, restaurant, food_store, food, store, point_of_interest, establishment",Monday: 7:00 AM – 5:00 PM | Tuesday: 7:00 AM – 5:00 PM | Wednesday: 7:00 AM – 5:00 PM | Thursday: 7:00 AM – 5:00 PM | Friday: 7:00 AM – 5:00 PM | Saturday: 8:00 AM – 5:00 PM | Sunday: 8:00 AM – 5:00 PM
Honey and Challah Café,,,Sandy Springs,,ChIJiQEgfgAP9YgRC9qcutf2SCs,https://maps.google.com/?cid=3119014148363311627&g_mp=Cidnb29nbGUubWFwcy5wbGFjZXMudjEuUGxhY2VzLlNlYXJjaFRleHQQAhgEIAA,"coffee_shop, cafe, food_store, store, food, point_of_interest, establishment",
Java Saga,4.8,453,Doraville,,ChIJi6eAXMan9YgREkntvJIddhg,https://maps.google.com/?cid=1762628820234225938&g_mp=Cidnb29nbGUubWFwcy5wbGFjZXMudjEuUGxhY2VzLlNlYXJjaFRleHQQAhgEIAA,"taiwanese_restaurant, asian_fusion_restaurant, tea_house, fusion_restaurant, cafe, catering_service, sandwich_shop, asian_restaurant, food_delivery, breakfast_restaurant, indonesian_restaurant, meal_takeaway, service, restaurant, food, point_of_interest, establishment",Monday: Closed | Tuesday: 11:00 AM – 8:30 PM | Wednesday: 11:00 AM – 8:30 PM | Thursday: 11:00 AM – 8:30 PM | Friday: 11:00 AM – 8:30 PM | Saturday: 11:00 AM – 8:30 PM | Sunday: 11:00 AM – 4:00 PM
Gula Indonesian Café,4.9,109,Doraville,,ChIJeV_PHQAJ9YgRe62R4VYTAus,https://maps.google.com/?cid=16934118812739022203&g_mp=Cidnb29nbGUubWFwcy5wbGFjZXMudjEuUGxhY2VzLlNlYXJjaFRleHQQAhgEIAA,"cafe, dessert_shop, confectionery, food_store, store, food, point_of_interest, establishment",Monday: 12:00 – 9:00 PM | Tuesday: 12:00 – 9:00 PM | Wednesday: 12:00 – 9:00 PM | Thursday: 12:00 – 9:00 PM | Friday: 4:00 – 9:00 PM | Saturday: 11:00 AM – 9:00 PM | Sunday: 11:00 AM – 9:00 PM
Ruby's Coffee & Cream,5,13,Smyrna,Williams Park,ChIJcYexfaUR9YgRGWPkiIrpVLo,https://maps.google.com/?cid=13426613170309718809&g_mp=Cidnb29nbGUubWFwcy5wbGFjZXMudjEuUGxhY2VzLlNlYXJjaFRleHQQAhgEIAA,"coffee_shop, cafe, food_store, food, point_of_interest, store, establishment",Monday: 7:00 AM – 8:00 PM | Tuesday: 7:00 AM – 8:00 PM | Wednesday: 7:00 AM – 8:00 PM | Thursday: 7:00 AM – 8:00 PM | Friday: 7:00 AM – 9:00 PM | Saturday: 7:00 AM – 9:00 PM | Sunday: 7:00 AM – 8:00 PM
The Coffee House,4.7,28,Brookhaven,Perimeter Center,ChIJP6agW34J9YgRcTCUkeP0zT8,https://maps.google.com/?cid=4597600052852306033&g_mp=Cidnb29nbGUubWFwcy5wbGFjZXMudjEuUGxhY2VzLlNlYXJjaFRleHQQAhgEIAA,"coffee_shop, cafe, food_store, store, food, point_of_interest, establishment",Monday: 7:00 AM – 5:00 PM | Tuesday: 7:00 AM – 5:00 PM | Wednesday: 7:00 AM – 5:00 PM | Thursday: 7:00 AM – 5:00 PM | Friday: 7:00 AM – 5:00 PM | Saturday: Closed | Sunday: Closed
Bagel Boys Cafe (Sandy Springs),4.3,580,Sandy Springs,Perimeter Center,ChIJ3-qNe1MJ9YgRcgVaBvoNc8A,https://maps.google.com/?cid=13867443045103437170&g_mp=Cidnb29nbGUubWFwcy5wbGFjZXMudjEuUGxhY2VzLlNlYXJjaFRleHQQAhgEIAA,"bagel_shop, breakfast_restaurant, sandwich_shop, bakery, restaurant, food_store, food, store, point_of_interest, establishment",Monday: 6:30 AM – 2:00 PM | Tuesday: 6:30 AM – 2:00 PM | Wednesday: 6:30 AM – 2:00 PM | Thursday: 6:30 AM – 2:00 PM | Friday: 6:30 AM – 2:00 PM | Saturday: 7:00 AM – 2:00 PM | Sunday: 7:00 AM – 2:00 PM
Cuddlefish,4.2,215,Dunwoody,Perimeter Center,ChIJtdKgDAcJ9YgRRp3VA6b9tGU,https://maps.google.com/?cid=7328761383109369158&g_mp=Cidnb29nbGUubWFwcy5wbGFjZXMudjEuUGxhY2VzLlNlYXJjaFRleHQQAhgEIAA,"restaurant, food, point_of_interest, establishment",Monday: 9:00 AM – 9:00 PM | Tuesday: 9:00 AM – 9:00 PM | Wednesday: 9:00 AM – 9:00 PM | Thursday: 9:00 AM – 9:00 PM | Friday: 9:00 AM – 10:00 PM | Saturday: 9:00 AM – 10:00 PM | Sunday: 9:00 AM – 9:00 PM
Smyrna Coffee,4.7,261,Smyrna,,ChIJ57fE26kX9YgRToQtQ9DgoZs,https://maps.google.com/?cid=11214491732214121550&g_mp=Cidnb29nbGUubWFwcy5wbGFjZXMudjEuUGxhY2VzLlNlYXJjaFRleHQQAhgEIAA,"coffee_shop, cafe, food_store, food, store, point_of_interest, establishment",Monday: 7:00 AM – 6:00 PM | Tuesday: 7:00 AM – 6:00 PM | Wednesday: 7:00 AM – 6:00 PM | Thursday: 7:00 AM – 6:00 PM | Friday: 7:00 AM – 6:00 PM | Saturday: 8:00 AM – 5:00 PM | Sunday: 8:00 AM – 5:00 PM
Tom N Toms Atlanta,4.8,138,Doraville,,ChIJa_I0FcoJ9YgR-JfyzTI-sL0,https://maps.google.com/?cid=13668493256993970168&g_mp=Cidnb29nbGUubWFwcy5wbGFjZXMudjEuUGxhY2VzLlNlYXJjaFRleHQQAhgEIAA,"coffee_shop, pastry_shop, brunch_restaurant, dessert_shop, cafe, bakery, restaurant, confectionery, food_store, food, store, point_of_interest, establishment",Monday: 10:00 AM – 11:00 PM | Tuesday: 10:00 AM – 11:00 PM | Wednesday: 10:00 AM – 11:00 PM | Thursday: 10:00 AM – 11:00 PM | Friday: 10:00 AM – 12:00 AM | Saturday: 10:00 AM – 12:00 AM | Sunday: 10:00 AM – 11:00 PM
Fluffy Fluffy Cafe,4.7,164,Doraville,,ChIJbzPOYjsJ9YgRQDB1OnAEh8g,https://maps.google.com/?cid=14449522809505132608&g_mp=Cidnb29nbGUubWFwcy5wbGFjZXMudjEuUGxhY2VzLlNlYXJjaFRleHQQAhgEIAA,"dessert_restaurant, brunch_restaurant, coffee_shop, cafe, food_store, restaurant, food, store, point_of_interest, establishment",Monday: 10:00 AM – 10:00 PM | Tuesday: 10:00 AM – 10:00 PM | Wednesday: 10:00 AM – 10:00 PM | Thursday: 10:00 AM – 10:00 PM | Friday: 8:00 AM – 11:00 PM | Saturday: 8:00 AM – 11:00 PM | Sunday: 8:00 AM – 10:00 PM
Café I AM,4.7,277,Sandy Springs,,ChIJF9AYz5sP9YgReqMw0Q37Too,https://maps.google.com/?cid=9966179062180258682&g_mp=Cidnb29nbGUubWFwcy5wbGFjZXMudjEuUGxhY2VzLlNlYXJjaFRleHQQAhgEIAA,"cafe, breakfast_restaurant, event_venue, restaurant, food, point_of_interest, establishment",Monday: 8:00 AM – 5:00 PM | Tuesday: 8:00 AM – 5:00 PM | Wednesday: 8:00 AM – 5:00 PM | Thursday: 8:00 AM – 5:00 PM | Friday: 8:00 AM – 5:00 PM | Saturday: 8:00 AM – 5:00 PM | Sunday: Closed
Mozart Bakery & Cafe (Doraville),4.2,388,Atlanta,,ChIJ1w1o388J9YgRJQo8_sYxWyk,https://maps.google.com/?cid=2980030309174348325&g_mp=Cidnb29nbGUubWFwcy5wbGFjZXMudjEuUGxhY2VzLlNlYXJjaFRleHQQAhgEIAA,"bakery, cafe, food_store, food, point_of_interest, store, establishment",Monday: 9:00 AM – 9:00 PM | Tuesday: 9:00 AM – 9:00 PM | Wednesday: 9:00 AM – 9:00 PM | Thursday: 9:00 AM – 9:00 PM | Friday: 9:00 AM – 10:00 PM | Saturday: 9:00 AM – 10:00 PM | Sunday: 9:00 AM – 9:00 PM
Foxtail Coffee (Ashford Lane),4.6,113,Atlanta,Perimeter Center,ChIJO73vPTgJ9YgRshzpN7C7w1w,https://maps.google.com/?cid=6684392637474610354&g_mp=Cidnb29nbGUubWFwcy5wbGFjZXMudjEuUGxhY2VzLlNlYXJjaFRleHQQAhgEIAA,"coffee_shop, cafe, food_store, food, point_of_interest, store, establishment",Monday: 6:30 AM – 9:00 PM | Tuesday: 6:30 AM – 9:00 PM | Wednesday: 6:30 AM – 9:00 PM | Thursday: 6:30 AM – 9:00 PM | Friday: 6:30 AM – 9:30 PM | Saturday: 6:30 AM – 9:30 PM | Sunday: 6:30 AM – 9:00 PM
Café Vendôme 6400,4,237,Sandy Springs,,ChIJfyIV8ysP9YgRCc2dVTODnSM,https://maps.google.com/?cid=2566351619174026505&g_mp=Cidnb29nbGUubWFwcy5wbGFjZXMudjEuUGxhY2VzLlNlYXJjaFRleHQQAhgEIAA,"cafe, brunch_restaurant, tea_house, pastry_shop, dessert_shop, meal_takeaway, confectionery, restaurant, bakery, food_store, food, point_of_interest, store, establishment",Monday: Closed | Tuesday: 8:00 AM – 4:00 PM | Wednesday: 8:00 AM – 4:00 PM | Thursday: 8:00 AM – 4:00 PM | Friday: 8:00 AM – 4:00 PM | Saturday: 8:00 AM – 4:00 PM | Sunday: 9:00 AM – 4:00 PM
Common Coffee & Cocktails,4.3,120,Doraville,,ChIJBVfB3qSn9YgRuZY45kQOIy4,https://maps.google.com/?cid=3324516639012591289&g_mp=Cidnb29nbGUubWFwcy5wbGFjZXMudjEuUGxhY2VzLlNlYXJjaFRleHQQAhgEIAA,"coffee_shop, cafe, food_store, food, point_of_interest, store, establishment",Monday: 10:00 AM – 10:00 PM | Tuesday: 10:00 AM – 10:00 PM | Wednesday: 10:00 AM – 10:00 PM | Thursday: 10:00 AM – 10:00 PM | Friday: 11:00 AM – 11:00 PM | Saturday: 11:00 AM – 11:00 PM | Sunday: 11:00 AM – 11:00 PM
Café Intermezzo (Sandy Springs),4.3,2489,Atlanta,Perimeter Center,ChIJaY3FGl0J9YgRYPbZaAdV7T8,https://maps.google.com/?cid=4606431484182132320&g_mp=Cidnb29nbGUubWFwcy5wbGFjZXMudjEuUGxhY2VzLlNlYXJjaFRleHQQAhgEIAA,"cafe, coffee_shop, dessert_shop, confectionery, food_store, store, restaurant, food, point_of_interest, establishment",Monday: 5:00 – 11:00 PM | Tuesday: 5:00 – 11:00 PM | Wednesday: 5:00 – 11:00 PM | Thursday: 5:00 – 11:00 PM | Friday: 5:00 PM – 12:00 AM | Saturday: 10:00 AM – 12:00 AM | Sunday: 10:00 AM – 10:00 PM
Mint Coffeehouse,4.9,314,Tucker,,ChIJ2ypQabC_tokRaM1nEtjN-OY,https://maps.google.com/?cid=16643278750853090664&g_mp=Cidnb29nbGUubWFwcy5wbGFjZXMudjEuUGxhY2VzLlNlYXJjaFRleHQQAhgEIAA,"coffee_shop, cafe, coffee_stand, food_store, food, point_of_interest, store, establishment",Monday: 7:30 AM – 7:00 PM | Tuesday: 7:30 AM – 7:00 PM | Wednesday: 7:30 AM – 7:00 PM | Thursday: 7:30 AM – 7:00 PM | Friday: 7:30 AM – 7:00 PM | Saturday: 8:00 AM – 6:00 PM | Sunday: Closed
Henri's Bakery & Café (Sandy Springs),4.3,445,Sandy Springs,,ChIJCShdwpkO9YgROfq1yG0oxMQ,https://maps.google.com/?cid=14178501978853079609&g_mp=Cidnb29nbGUubWFwcy5wbGFjZXMudjEuUGxhY2VzLlNlYXJjaFRleHQQAhgEIAA,"deli, cafe, bakery, food_store, food, point_of_interest, store, establishment",Monday: 7:00 AM – 5:00 PM | Tuesday: 7:00 AM – 5:00 PM | Wednesday: 7:00 AM – 5:00 PM | Thursday: 7:00 AM – 5:00 PM | Friday: 7:00 AM – 5:00 PM | Saturday: 7:00 AM – 5:00 PM | Sunday: Closed
Cafe Comma - Sandy Springs,4.2,153,Sandy Springs,,ChIJpaZ-8iIP9YgRLumC85XKjIM,https://maps.google.com/?cid=9479174061092432174&g_mp=Cidnb29nbGUubWFwcy5wbGFjZXMudjEuUGxhY2VzLlNlYXJjaFRleHQQAhgEIAA,"coffee_shop, cafe, food_store, food, store, point_of_interest, establishment",Monday: 8:00 AM – 6:00 PM | Tuesday: 8:00 AM – 6:00 PM | Wednesday: 8:00 AM – 6:00 PM | Thursday: 8:00 AM – 6:00 PM | Friday: 8:00 AM – 6:00 PM | Saturday: 8:00 AM – 6:00 PM | Sunday: 8:00 AM – 6:00 PM
White Windmill Bakery and Cafe Doraville,4.4,1202,Doraville,,ChIJA0-40F2n9YgRBeywsjw5YCA,https://maps.google.com/?cid=2332927539836677125&g_mp=Cidnb29nbGUubWFwcy5wbGFjZXMudjEuUGxhY2VzLlNlYXJjaFRleHQQAhgEIAA,"bakery, sandwich_shop, coffee_shop, tea_house, dessert_shop, cake_shop, confectionery, cafe, restaurant, wholesaler, food_store, food, point_of_interest, manufacturer, store, establishment",Monday: 7:30 AM – 10:00 PM | Tuesday: 7:30 AM – 10:00 PM | Wednesday: 7:30 AM – 10:00 PM | Thursday: 7:30 AM – 10:00 PM | Friday: 7:30 AM – 11:00 PM | Saturday: 7:30 AM – 11:00 PM | Sunday: 7:30 AM – 10:00 PM
The Bean Counter Northpark,5,13,Sandy Springs,Perimeter Center,ChIJxzOTb1UJ9YgR-xlY2P8f-R8,https://maps.google.com/?cid=2303907868083493371&g_mp=Cidnb29nbGUubWFwcy5wbGFjZXMudjEuUGxhY2VzLlNlYXJjaFRleHQQAhgEIAA,"coffee_shop, cafe, food_store, store, food, point_of_interest, establishment",Monday: 7:00 AM – 2:30 PM | Tuesday: 7:00 AM – 2:30 PM | Wednesday: 7:00 AM – 2:30 PM | Thursday: 7:00 AM – 2:30 PM | Friday: 7:00 AM – 2:30 PM | Saturday: Closed | Sunday: Closed
Chattahoochee Coffee Company,4.3,1729,Atlanta,Cumberland,ChIJHdL7-dIR9YgR_vIuc67Dle4,https://maps.google.com/?cid=17191862306580919038&g_mp=Cidnb29nbGUubWFwcy5wbGFjZXMudjEuUGxhY2VzLlNlYXJjaFRleHQQAhgEIAA,"coffee_shop, cafe, food_store, store, point_of_interest, food, establishment",Monday: 8:00 AM – 6:00 PM | Tuesday: 8:00 AM – 6:00 PM | Wednesday: 8:00 AM – 6:00 PM | Thursday: 8:00 AM – 6:00 PM | Friday: 8:00 AM – 6:00 PM | Saturday: Closed | Sunday: Closed
Paramount Coffee Shop,4.7,203,Tucker,,ChIJ82hmrSSm9YgRJVUWl0ehJAc,https://maps.google.com/?cid=514713586276652325&g_mp=Cidnb29nbGUubWFwcy5wbGFjZXMudjEuUGxhY2VzLlNlYXJjaFRleHQQAhgEIAA,"coffee_shop, cafe, food_store, store, food, point_of_interest, establishment",
Mokhaport Yemeni Coffee,4.9,669,Tucker,,ChIJoYUH8Iyp9YgRwmUxsm-Zy0g,https://maps.google.com/?cid=5245454896013075906&g_mp=Cidnb29nbGUubWFwcy5wbGFjZXMudjEuUGxhY2VzLlNlYXJjaFRleHQQAhgEIAA,"coffee_shop, cafe, juice_shop, food_store, food, store, point_of_interest, establishment","Monday: 6:30 AM – 7:00 PM | Tuesday: 6:30 AM – 7:00 PM | Wednesday: 6:30 AM – 7:00 PM | Thursday: 6:30 AM – 7:00 PM | Friday: 6:30 AM – 1:00 PM, 3:00 – 7:00 PM | Saturday: 9:00 AM – 7:00 PM | Sunday: 9:00 AM – 7:00 PM"
PERC Coffee (Tucker),4.3,189,Tucker,,ChIJc1pltDyn9YgR9UuTLXda6f0,https://maps.google.com/?cid=18296254429081586677&g_mp=Cidnb29nbGUubWFwcy5wbGFjZXMudjEuUGxhY2VzLlNlYXJjaFRleHQQAhgEIAA,"coffee_shop, cafe, food_store, food, store, point_of_interest, establishment",Monday: 7:00 AM – 6:00 PM | Tuesday: 7:00 AM – 6:00 PM | Wednesday: 7:00 AM – 6:00 PM | Thursday: 7:00 AM – 6:00 PM | Friday: 7:00 AM – 6:00 PM | Saturday: 7:00 AM – 6:00 PM | Sunday: 7:00 AM – 6:00 PM
The Corner Cup Coffee (Tucker),4.8,615,Tucker,,ChIJmTeBW_un9YgRlM1oiv9elNU,https://maps.google.com/?cid=15390030278263623060&g_mp=Cidnb29nbGUubWFwcy5wbGFjZXMudjEuUGxhY2VzLlNlYXJjaFRleHQQAhgEIAA,"coffee_shop, cafe, food_store, food, store, point_of_interest, establishment",Monday: 6:00 AM – 5:00 PM | Tuesday: 6:00 AM – 5:00 PM | Wednesday: 6:00 AM – 5:00 PM | Thursday: 6:00 AM – 5:00 PM | Friday: 6:00 AM – 5:00 PM | Saturday: 7:00 AM – 5:00 PM | Sunday: 7:00 AM – 5:00 PM
Perk-N-Pooch,4.4,357,Sandy Springs,,ChIJWVclMScM9YgR5jNoubKSVfI,https://maps.google.com/?cid=17462024426511414246&g_mp=Cidnb29nbGUubWFwcy5wbGFjZXMudjEuUGxhY2VzLlNlYXJjaFRleHQQAhgEIAA,"ice_cream_shop, coffee_shop, cafe, dessert_shop, confectionery, food_store, pet_care, food, service, store, point_of_interest, establishment",Monday: 10:00 AM – 5:00 PM | Tuesday: 10:00 AM – 5:00 PM | Wednesday: 10:00 AM – 5:00 PM | Thursday: 10:00 AM – 5:00 PM | Friday: 10:00 AM – 5:00 PM | Saturday: 9:00 AM – 5:00 PM | Sunday: 10:00 AM – 5:00 PM
Lucky Goat Coffee (Dunwoody Park),4.8,155,Dunwoody,,ChIJwcB6n6MJ9YgRZaM-QuLrB_U,https://maps.google.com/?cid=17656340221135856485&g_mp=Cidnb29nbGUubWFwcy5wbGFjZXMudjEuUGxhY2VzLlNlYXJjaFRleHQQAhgEIAA,"coffee_shop, cafe, food_store, food, point_of_interest, store, establishment",Monday: 7:00 AM – 6:00 PM | Tuesday: 7:00 AM – 6:00 PM | Wednesday: 7:00 AM – 6:00 PM | Thursday: 7:00 AM – 6:00 PM | Friday: 7:00 AM – 6:00 PM | Saturday: 7:00 AM – 6:00 PM | Sunday: 8:00 AM – 6:00 PM
Postern Coffee,4.7,170,Doraville,,ChIJv7ytaAAJ9YgRAe5TNfDtYGM,https://maps.google.com/?cid=7160985023461715457&g_mp=Cidnb29nbGUubWFwcy5wbGFjZXMudjEuUGxhY2VzLlNlYXJjaFRleHQQAhgEIAA,"coffee_shop, coffee_roastery, cafe, food_store, food, point_of_interest, store, establishment",Monday: 7:00 AM – 4:00 PM | Tuesday: 7:00 AM – 4:00 PM | Wednesday: 7:00 AM – 4:00 PM | Thursday: 7:00 AM – 4:00 PM | Friday: 7:00 AM – 4:00 PM | Saturday: 9:00 AM – 4:00 PM | Sunday: 9:00 AM – 4:00 PM
Perks Coffee & Nom Station,4.1,168,Marietta,Cumberland,ChIJKzNaW3sR9YgRLASak27lN3w,https://maps.google.com/?cid=8950875047507657772&g_mp=Cidnb29nbGUubWFwcy5wbGFjZXMudjEuUGxhY2VzLlNlYXJjaFRleHQQAhgEIAA,"tea_house, dessert_shop, confectionery, food_store, food, store, point_of_interest, establishment",Monday: 7:00 AM – 6:00 PM | Tuesday: 7:00 AM – 6:00 PM | Wednesday: 7:00 AM – 6:00 PM | Thursday: 7:00 AM – 6:00 PM | Friday: 7:00 AM – 6:00 PM | Saturday: 8:00 AM – 6:00 PM | Sunday: 9:00 AM – 6:00 PM
Books & Brew,4.8,73,Tucker,,ChIJQ0EUDQCn9YgRUjoOCCzVd3g,https://maps.google.com/?cid=8680641191870347858&g_mp=Cidnb29nbGUubWFwcy5wbGFjZXMudjEuUGxhY2VzLlNlYXJjaFRleHQQAhgEIAA,"bar, point_of_interest, establishment",Monday: Closed | Tuesday: Closed | Wednesday: 11:00 AM – 9:00 PM | Thursday: 11:00 AM – 9:00 PM | Friday: 11:00 AM – 12:00 AM | Saturday: 11:00 AM – 12:00 AM | Sunday: 11:00 AM – 7:00 PM
Rosie Mae's Alpaca Farm and boutique,4.9,414,Wildwood,,ChIJRW-iZ49bYIgRT69u2O9tO3g,https://maps.google.com/?cid=8663639185073024847&g_mp=Cidnb29nbGUubWFwcy5wbGFjZXMudjEuUGxhY2VzLlNlYXJjaFRleHQQAhgEIAA,"tourist_attraction, coffee_shop, cafe, clothing_store, food_store, store, point_of_interest, food, establishment",Monday: 10:00 AM – 2:00 PM | Tuesday: 10:00 AM – 2:00 PM | Wednesday: 10:00 AM – 2:00 PM | Thursday: 10:00 AM – 2:00 PM | Friday: 10:00 AM – 6:00 PM | Saturday: 10:00 AM – 6:00 PM | Sunday: 12:00 – 5:00 PM
Ark Coffeehaus,4.9,268,Atlanta,,ChIJPyGZr2oJ9YgRhdh74RLlHkM,https://maps.google.com/?cid=4836554919097653381&g_mp=Cidnb29nbGUubWFwcy5wbGFjZXMudjEuUGxhY2VzLlNlYXJjaFRleHQQAhgEIAA,"coffee_shop, cafe, food_store, food, point_of_interest, store, establishment",Monday: 7:00 AM – 4:00 PM | Tuesday: 7:00 AM – 4:00 PM | Wednesday: 7:00 AM – 4:00 PM | Thursday: 7:00 AM – 4:00 PM | Friday: 7:00 AM – 4:00 PM | Saturday: 7:00 AM – 4:00 PM | Sunday: Closed
Summit Coffee Dunwoody,4.6,167,Dunwoody,Dunwoody Village,ChIJ52QN5kQL9YgRFFRhpkGbVmw,https://maps.google.com/?cid=7806597710359909396&g_mp=Cidnb29nbGUubWFwcy5wbGFjZXMudjEuUGxhY2VzLlNlYXJjaFRleHQQAhgEIAA,"coffee_shop, cafe, food_store, point_of_interest, food, store, establishment",Monday: 7:00 AM – 6:00 PM | Tuesday: 7:00 AM – 6:00 PM | Wednesday: 7:00 AM – 6:00 PM | Thursday: 7:00 AM – 6:00 PM | Friday: 7:00 AM – 7:00 PM | Saturday: 7:00 AM – 7:00 PM | Sunday: 7:00 AM – 6:00 PM
Valor Coffee (Dunwoody),4.7,428,Dunwoody,Dunwoody Village,ChIJxcJCHi4L9YgRS3JJyrVlxH0,https://maps.google.com/?cid=9062480181633577547&g_mp=Cidnb29nbGUubWFwcy5wbGFjZXMudjEuUGxhY2VzLlNlYXJjaFRleHQQAhgEIAA,"coffee_shop, cafe, food_store, store, food, point_of_interest, establishment",Monday: 7:00 AM – 5:00 PM | Tuesday: 7:00 AM – 5:00 PM | Wednesday: 7:00 AM – 5:00 PM | Thursday: 7:00 AM – 5:00 PM | Friday: 7:00 AM – 5:00 PM | Saturday: 8:00 AM – 5:00 PM | Sunday: 8:00 AM – 5:00 PM
Gilly Brewing Co.,4.8,852,Stone Mountain,,ChIJAbi5azuv9YgRHAB_BFzo0TE,https://maps.google.com/?cid=3589905859901063196&g_mp=Cidnb29nbGUubWFwcy5wbGFjZXMudjEuUGxhY2VzLlNlYXJjaFRleHQQAhgEIAA,"coffee_shop, tea_house, sandwich_shop, cafe, restaurant, food_store, food, store, point_of_interest, establishment",Monday: 7:00 AM – 3:00 PM | Tuesday: 7:00 AM – 3:00 PM | Wednesday: 7:00 AM – 3:00 PM | Thursday: 7:00 AM – 3:00 PM | Friday: 7:00 AM – 3:00 PM | Saturday: 8:00 AM – 3:00 PM | Sunday: Closed
Stone Mountain Coffee Roasters,4.8,6,Stone Mountain,,ChIJLV5xeTuv9YgRYdKm5mW4Myo,https://maps.google.com/?cid=3040976921206116961&g_mp=Cidnb29nbGUubWFwcy5wbGFjZXMudjEuUGxhY2VzLlNlYXJjaFRleHQQAhgEIAA,"tea_store, tea_house, food_store, store, food, point_of_interest, establishment",
Jacobs Java Espresso and Smoothies Drive Thru,4.9,545,Marietta,,ChIJH0I1Z0YR9YgRgcB8m8Xy76Y,https://maps.google.com/?cid=12029100060261007489&g_mp=Cidnb29nbGUubWFwcy5wbGFjZXMudjEuUGxhY2VzLlNlYXJjaFRleHQQAhgEIAA,"coffee_shop, ice_cream_shop, hot_dog_stand, sandwich_shop, american_restaurant, mexican_restaurant, meal_takeaway, dessert_shop, confectionery, cafe, manufacturer, restaurant, food_store, store, food, point_of_interest, establishment",Monday: Closed | Tuesday: 10:30 AM – 7:00 PM | Wednesday: 10:30 AM – 7:00 PM | Thursday: 10:30 AM – 7:00 PM | Friday: 10:30 AM – 7:00 PM | Saturday: 10:30 AM – 5:00 PM | Sunday: Closed
The Cenacle Coffee & Bistro,4.4,1247,Austell,,ChIJSUHly1ki9YgRGZSxXpguA-o,https://maps.google.com/?cid=16862372661763871769&g_mp=Cidnb29nbGUubWFwcy5wbGFjZXMudjEuUGxhY2VzLlNlYXJjaFRleHQQAhgEIAA,"restaurant, bistro, coffee_shop, catering_service, cafe, breakfast_restaurant, meal_takeaway, food_delivery, sandwich_shop, food_store, store, food, point_of_interest, service, establishment",Monday: 7:00 AM – 3:00 PM | Tuesday: 7:00 AM – 3:00 PM | Wednesday: Closed | Thursday: 7:00 AM – 3:00 PM | Friday: 7:00 AM – 4:00 PM | Saturday: 7:00 AM – 4:00 PM | Sunday: 8:30 AM – 4:00 PM
D'Cuban Cafe,4.5,1204,Norcross,Gwinnett Village,ChIJMepXAiuh9YgRxQxxEbipJg0,https://maps.google.com/?cid=947631379639766213&g_mp=Cidnb29nbGUubWFwcy5wbGFjZXMudjEuUGxhY2VzLlNlYXJjaFRleHQQAhgEIAA,"cuban_restaurant, caribbean_restaurant, latin_american_restaurant, breakfast_restaurant, coffee_shop, brunch_restaurant, cafe, sandwich_shop, food_store, restaurant, food, store, point_of_interest, establishment",Monday: 7:00 AM – 7:00 PM | Tuesday: 7:00 AM – 7:00 PM | Wednesday: 7:00 AM – 7:00 PM | Thursday: 7:00 AM – 7:00 PM | Friday: 7:00 AM – 7:00 PM | Saturday: 9:00 AM – 7:00 PM | Sunday: 10:00 AM – 6:00 PM
El Cafecito @ Taco Shop Tucker,5,41,Tucker,,ChIJtUbPw1en9YgRKQaitXIr40M,https://maps.google.com/?cid=4891801391928051241&g_mp=Cidnb29nbGUubWFwcy5wbGFjZXMudjEuUGxhY2VzLlNlYXJjaFRleHQQAhgEIAA,"coffee_shop, cafe, food_store, store, food, point_of_interest, establishment",Monday: 6:00 AM – 8:00 PM | Tuesday: 6:00 AM – 8:00 PM | Wednesday: 6:00 AM – 8:00 PM | Thursday: 6:00 AM – 8:00 PM | Friday: 6:00 AM – 8:00 PM | Saturday: 6:00 AM – 8:00 PM | Sunday: 8:00 AM – 8:00 PM
Crema Espresso Gourmet,4.6,953,Dunwoody,,ChIJJ3-1iEgK9YgRaZeLBAD9xUA,https://maps.google.com/?cid=4667414765357471593&g_mp=Cidnb29nbGUubWFwcy5wbGFjZXMudjEuUGxhY2VzLlNlYXJjaFRleHQQAhgEIAA,"cafe, salad_shop, pastry_shop, sandwich_shop, coffee_shop, dessert_shop, confectionery, bakery, food_store, restaurant, food, store, point_of_interest, establishment",Monday: 7:30 AM – 4:00 PM | Tuesday: 7:30 AM – 4:00 PM | Wednesday: 7:30 AM – 4:00 PM | Thursday: 7:30 AM – 4:00 PM | Friday: 7:30 AM – 4:00 PM | Saturday: 7:30 AM – 4:00 PM | Sunday: 7:30 AM – 4:00 PM
Sanyos Coffee and Bakery,4.6,260,Norcross,,ChIJe7Rpls2h9YgRthpoCe-RvXA,https://maps.google.com/?cid=8123809758687271606&g_mp=Cidnb29nbGUubWFwcy5wbGFjZXMudjEuUGxhY2VzLlNlYXJjaFRleHQQAhgEIAA,"coffee_shop, cafe, food_store, food, point_of_interest, store, establishment",Monday: 8:00 AM – 6:00 PM | Tuesday: 8:00 AM – 6:00 PM | Wednesday: 8:00 AM – 6:00 PM | Thursday: 8:00 AM – 7:00 PM | Friday: 8:00 AM – 7:00 PM | Saturday: 9:00 AM – 7:00 PM | Sunday: 10:00 AM – 4:00 PM
Douceur De France - Bakery & Brunch,4.9,16684,Marietta,,ChIJO6Bu6aEW9YgROazj5lci390,https://maps.google.com/?cid=15987534963119729721&g_mp=Cidnb29nbGUubWFwcy5wbGFjZXMudjEuUGxhY2VzLlNlYXJjaFRleHQQAhgEIAA,"bakery, cafe, breakfast_restaurant, brunch_restaurant, french_restaurant, bistro, cake_shop, pastry_shop, wholesaler, dessert_shop, confectionery, food_store, store, manufacturer, restaurant, food, point_of_interest, establishment",Monday: 7:00 AM – 6:00 PM | Tuesday: 7:00 AM – 6:00 PM | Wednesday: 7:00 AM – 6:00 PM | Thursday: 7:00 AM – 6:00 PM | Friday: 7:00 AM – 6:00 PM | Saturday: 7:00 AM – 6:00 PM | Sunday: 9:00 AM – 3:30 PM
Marietta Proper,4.6,635,Marietta,,ChIJyXUjrHEV9YgRheooHx0Hkvk,https://maps.google.com/?cid=17983444083702033029&g_mp=Cidnb29nbGUubWFwcy5wbGFjZXMudjEuUGxhY2VzLlNlYXJjaFRleHQQAhgEIAA,"wine_bar, cocktail_bar, bar, restaurant, food, point_of_interest, establishment",Monday: 11:00 AM – 10:00 PM | Tuesday: 11:00 AM – 10:00 PM | Wednesday: 11:00 AM – 10:00 PM | Thursday: 11:00 AM – 10:00 PM | Friday: 11:00 AM – 12:00 AM | Saturday: 11:00 AM – 12:00 AM | Sunday: 11:00 AM – 10:00 PM
Cool Beans Coffee Roasters,4.7,1876,Marietta,,ChIJY6T74yQU9YgRxJGHa_pLOcE,https://maps.google.com/?cid=13923243261910553028&g_mp=Cidnb29nbGUubWFwcy5wbGFjZXMudjEuUGxhY2VzLlNlYXJjaFRleHQQAhgEIAA,"coffee_shop, cafe, food_store, food, store, point_of_interest, establishment",Monday: 7:00 AM – 8:00 PM | Tuesday: 7:00 AM – 8:00 PM | Wednesday: 7:00 AM – 8:00 PM | Thursday: 7:00 AM – 8:00 PM | Friday: 7:00 AM – 8:00 PM | Saturday: 7:00 AM – 8:00 PM | Sunday: 9:00 AM – 8:00 PM
Tuesday Coffee + Shoppe,4.8,290,Marietta,,ChIJYbm1Y8AV9YgRw8Y3sywRMDA,https://maps.google.com/?cid=3472294196385662659&g_mp=Cidnb29nbGUubWFwcy5wbGFjZXMudjEuUGxhY2VzLlNlYXJjaFRleHQQAhgEIAA,"coffee_shop, cafe, food_store, store, food, point_of_interest, establishment",Monday: 7:00 AM – 4:00 PM | Tuesday: 7:00 AM – 4:00 PM | Wednesday: 7:00 AM – 4:00 PM | Thursday: 7:00 AM – 4:00 PM | Friday: 7:00 AM – 4:00 PM | Saturday: 8:00 AM – 4:00 PM | Sunday: 8:00 AM – 4:00 PM
Season Marietta,4.7,461,Marietta,,ChIJj4FhKVAV9YgRoo3Kt6VidNA,https://maps.google.com/?cid=15020739121080077730&g_mp=Cidnb29nbGUubWFwcy5wbGFjZXMudjEuUGxhY2VzLlNlYXJjaFRleHQQAhgEIAA,"restaurant, food, point_of_interest, establishment",Monday: Closed | Tuesday: Closed | Wednesday: 7:00 AM – 2:00 PM | Thursday: 7:00 AM – 2:00 PM | Friday: 7:00 AM – 2:00 PM | Saturday: 7:00 AM – 2:00 PM | Sunday: 7:00 AM – 2:00 PM
Mr. Tombstone’s Coffee Emporium,4.7,413,Marietta,,ChIJhb67L_UT9YgRSVwIa19dHGQ,https://maps.google.com/?cid=7213743367539678281&g_mp=Cidnb29nbGUubWFwcy5wbGFjZXMudjEuUGxhY2VzLlNlYXJjaFRleHQQAhgEIAA,"coffee_shop, cafe, food_store, food, store, point_of_interest, establishment",Monday: 6:30 AM – 7:00 PM | Tuesday: 6:30 AM – 7:00 PM | Wednesday: 6:30 AM – 7:00 PM | Thursday: 6:30 AM – 7:00 PM | Friday: 6:30 AM – 7:00 PM | Saturday: 8:00 AM – 7:00 PM | Sunday: 8:00 AM – 7:00 PM
Refuge Coffee Co. (Norcross),4.7,89,Norcross,Downtown Norcross,ChIJr5Ulrfqh9YgRvc8VgD4ZEhc,https://maps.google.com/?cid=1662418968680714173&g_mp=Cidnb29nbGUubWFwcy5wbGFjZXMudjEuUGxhY2VzLlNlYXJjaFRleHQQAhgEIAA,"coffee_shop, cafe, food_store, food, store, point_of_interest, establishment",Monday: Closed | Tuesday: 7:30 AM – 3:00 PM | Wednesday: 7:30 AM – 3:00 PM | Thursday: 7:30 AM – 3:00 PM | Friday: 7:30 AM – 3:00 PM | Saturday: 8:30 AM – 5:00 PM | Sunday: 8:30 AM – 5:00 PM
45 South Cafe,4.5,714,Norcross,Downtown Norcross,ChIJYXiqMDqh9YgRiHXhekcEOuY,https://maps.google.com/?cid=16589576882423428488&g_mp=Cidnb29nbGUubWFwcy5wbGFjZXMudjEuUGxhY2VzLlNlYXJjaFRleHQQAhgEIAA,"coffee_shop, breakfast_restaurant, cafe, restaurant, food_store, store, food, point_of_interest, establishment",Monday: 8:00 AM – 4:00 PM | Tuesday: 8:00 AM – 4:00 PM | Wednesday: 8:00 AM – 4:00 PM | Thursday: 8:00 AM – 4:00 PM | Friday: 8:00 AM – 4:00 PM | Saturday: 8:00 AM – 4:00 PM | Sunday: 8:00 AM – 4:00 PM
Sessions Stand (New Location),4.6,541,Marietta,,ChIJLSW7kjkU9YgRR4rPVqqdVPs,https://maps.google.com/?cid=18110273356490050119&g_mp=Cidnb29nbGUubWFwcy5wbGFjZXMudjEuUGxhY2VzLlNlYXJjaFRleHQQAhgEIAA,"cafe, food, point_of_interest, establishment",Monday: 7:00 AM – 5:00 PM | Tuesday: 7:00 AM – 5:00 PM | Wednesday: 7:00 AM – 8:00 PM | Thursday: 7:00 AM – 8:00 PM | Friday: 7:00 AM – 9:00 PM | Saturday: 7:30 AM – 9:00 PM | Sunday: 7:30 AM – 5:00 PM
Good Kitchen + Market,4.6,817,Marietta,,ChIJxVIs1W8V9YgRz1aUxhoHKXk,https://maps.google.com/?cid=8730517164216571599&g_mp=Cidnb29nbGUubWFwcy5wbGFjZXMudjEuUGxhY2VzLlNlYXJjaFRleHQQAhgEIAA,"vegan_restaurant, salad_shop, catering_service, vegetarian_restaurant, breakfast_restaurant, food_delivery, coffee_shop, cafe, restaurant, food_store, store, food, point_of_interest, service, establishment",Monday: 8:00 AM – 8:00 PM | Tuesday: 8:00 AM – 8:00 PM | Wednesday: 8:00 AM – 8:00 PM | Thursday: 8:00 AM – 8:00 PM | Friday: 8:00 AM – 9:00 PM | Saturday: 8:00 AM – 9:00 PM | Sunday: 8:00 AM – 3:00 PM
Peachy Corners Cafe,4.7,376,Peachtree Corners,,ChIJ5c0ETOOh9YgRpKgrsZkj0BI,https://maps.google.com/?cid=1355622630847916196&g_mp=Cidnb29nbGUubWFwcy5wbGFjZXMudjEuUGxhY2VzLlNlYXJjaFRleHQQAhgEIAA,"cafe, tea_house, coffee_shop, dessert_shop, confectionery, food_store, store, food, point_of_interest, establishment",
Crave,4.9,134,Atlanta,,ChIJb7eYiR4L9YgRuFUwHdJ8hNk,https://maps.google.com/?cid=15673789845030852024&g_mp=Cidnb29nbGUubWFwcy5wbGFjZXMudjEuUGxhY2VzLlNlYXJjaFRleHQQAhgEIAA,"mediterranean_restaurant, restaurant, food, point_of_interest, establishment",Monday: 9:00 AM – 9:00 PM | Tuesday: 9:00 AM – 9:00 PM | Wednesday: 9:00 AM – 9:00 PM | Thursday: 9:00 AM – 9:00 PM | Friday: 9:00 AM – 10:00 PM | Saturday: 9:00 AM – 10:00 PM | Sunday: 9:00 AM – 9:00 PM
Mountain Perk,4.9,129,Stone Mountain,,ChIJIz2F_JSl9YgRJazL4bhM1RM,https://maps.google.com/?cid=1429132813705915429&g_mp=Cidnb29nbGUubWFwcy5wbGFjZXMudjEuUGxhY2VzLlNlYXJjaFRleHQQAhgEIAA,"coffee_shop, cafe, food_store, food, store, point_of_interest, establishment",Monday: 7:00 AM – 4:00 PM | Tuesday: 7:00 AM – 4:00 PM | Wednesday: 7:00 AM – 4:00 PM | Thursday: 7:00 AM – 4:00 PM | Friday: 7:00 AM – 4:00 PM | Saturday: 8:00 AM – 4:00 PM | Sunday: 8:00 AM – 4:00 PM
Friendship Market & Cafe (inside Signia Hilton),4.5,3136,Atlanta,Downtown Atlanta,ChIJiXvbmO0D9YgREFjVLLlpQKA,https://maps.google.com/?cid=11547345688619997200&g_mp=Cidnb29nbGUubWFwcy5wbGFjZXMudjEuUGxhY2VzLlNlYXJjaFRleHQQAhgEIAA,"hotel, lodging, point_of_interest, establishment",
Donnie's Donuts,4.8,259,Atlanta,Old Fourth Ward,ChIJo4dWNAAF9YgRjeZ3bWX7Rsg,https://maps.google.com/?cid=14431498469002176141&g_mp=Cidnb29nbGUubWFwcy5wbGFjZXMudjEuUGxhY2VzLlNlYXJjaFRleHQQAhgEIAA,"bakery, food_store, store, food, point_of_interest, establishment",Monday: 7:00 AM – 7:00 PM | Tuesday: 7:00 AM – 7:00 PM | Wednesday: 7:00 AM – 7:00 PM | Thursday: 7:00 AM – 7:00 PM | Friday: 7:00 AM – 8:00 PM | Saturday: 7:00 AM – 8:00 PM | Sunday: 8:00 AM – 6:00 PM
Enid Coffee,4.7,34,Atlanta,Old Fourth Ward,ChIJg4aOqBgF9YgRfMWqV8umsok,https://maps.google.com/?cid=9922176321330005372&g_mp=Cidnb29nbGUubWFwcy5wbGFjZXMudjEuUGxhY2VzLlNlYXJjaFRleHQQAhgEIAA,"coffee_stand, point_of_interest, establishment",Monday: Closed | Tuesday: 8:00 AM – 2:00 PM | Wednesday: 8:00 AM – 2:00 PM | Thursday: 8:00 AM – 2:00 PM | Friday: 8:00 AM – 2:00 PM | Saturday: 8:00 AM – 2:00 PM | Sunday: 8:00 AM – 2:00 PM
Common Ground Coffee Shop,4.4,9,Atlanta,South Downtown,ChIJLbd3V34D9YgRPA6BJHtK9rU,https://maps.google.com/?cid=13111749257889648188&g_mp=Cidnb29nbGUubWFwcy5wbGFjZXMudjEuUGxhY2VzLlNlYXJjaFRleHQQAhgEIAA,"coffee_shop, cafe, food_store, food, store, point_of_interest, establishment",
Urban Grind,4.5,694,Atlanta,Marietta Street Artery,ChIJmzKErJME9YgRducKeLi6du8,https://maps.google.com/?cid=17255184323767363446&g_mp=Cidnb29nbGUubWFwcy5wbGFjZXMudjEuUGxhY2VzLlNlYXJjaFRleHQQAhgEIAA,"coffee_shop, internet_cafe, tea_house, catering_service, breakfast_restaurant, bakery, food_delivery, cafe, food_store, service, restaurant, food, point_of_interest, store, establishment",Monday: 7:30 AM – 6:00 PM | Tuesday: 7:30 AM – 6:00 PM | Wednesday: 7:30 AM – 6:00 PM | Thursday: 7:30 AM – 9:30 PM | Friday: 7:30 AM – 6:00 PM | Saturday: 8:30 AM – 6:00 PM | Sunday: 8:30 AM – 6:00 PM
illy Atlantic Station,4.1,278,Atlanta,Atlantic Station,ChIJoSaYhVsF9YgRyp2NMaphkLQ,https://maps.google.com/?cid=13011006707077062090&g_mp=Cidnb29nbGUubWFwcy5wbGFjZXMudjEuUGxhY2VzLlNlYXJjaFRleHQQAhgEIAA,"coffee_shop, cafe, food_store, store, point_of_interest, food, establishment",Monday: 8:00 AM – 9:00 PM | Tuesday: 8:00 AM – 9:00 PM | Wednesday: 8:00 AM – 9:00 PM | Thursday: 8:00 AM – 9:00 PM | Friday: 8:00 AM – 9:00 PM | Saturday: 8:00 AM – 10:00 PM | Sunday: 8:00 AM – 9:00 PM
The Lazy Llama Coffeehouse - Atlantic Station,4.1,234,Atlanta,Atlantic Station,ChIJJREkShEF9YgRLqXRjk5QsV8,https://maps.google.com/?cid=6895380802814715182&g_mp=Cidnb29nbGUubWFwcy5wbGFjZXMudjEuUGxhY2VzLlNlYXJjaFRleHQQAhgEIAA,"coffee_shop, brunch_restaurant, bagel_shop, breakfast_restaurant, cafe, bakery, dessert_shop, confectionery, food_store, restaurant, food, store, point_of_interest, establishment",Monday: 7:00 AM – 5:00 PM | Tuesday: 7:00 AM – 5:00 PM | Wednesday: 7:00 AM – 5:00 PM | Thursday: 7:00 AM – 5:00 PM | Friday: 7:00 AM – 5:00 PM | Saturday: 8:00 AM – 4:00 PM | Sunday: Closed
Holiday Bar,4,249,Atlanta,Home Park,ChIJf8s5lvkF9YgRq_eAMyqO67M,https://maps.google.com/?cid=12964612264219965355&g_mp=Cidnb29nbGUubWFwcy5wbGFjZXMudjEuUGxhY2VzLlNlYXJjaFRleHQQAhgEIAA,"bar, coffee_shop, event_venue, cafe, food_store, food, store, point_of_interest, establishment",Monday: 12:00 – 11:00 PM | Tuesday: 12:00 – 11:00 PM | Wednesday: 12:00 – 11:00 PM | Thursday: 12:00 PM – 12:00 AM | Friday: 12:00 PM – 1:00 AM | Saturday: 12:00 PM – 1:00 AM | Sunday: 12:00 – 10:00 PM
E+ROSE Wellness Cafe,4.8,810,Atlanta,Home Park,ChIJiXgfIwAF9YgRimFgxKWlT9E,Google Maps,"coffee_shop, cafe, food_store, restaurant, food, point_of_interest, store, establishment",Monday: 7:00 AM – 6:00 PM | Tuesday: 7:00 AM – 6:00 PM | Wednesday: 7:00 AM – 6:00 PM | Thursday: 7:00 AM – 6:00 PM | Friday: 7:00 AM – 6:00 PM | Saturday: 8:00 AM – 6:00 PM | Sunday: 8:00 AM – 6:00 PM
BRASH Coffee (Westside Provisions District),4.4,511,Atlanta,Home Park,ChIJ__5mduwE9YgR5qBPCMdD2Z0,https://maps.google.com/?cid=11374196856017887462&g_mp=Cidnb29nbGUubWFwcy5wbGFjZXMudjEuUGxhY2VzLlNlYXJjaFRleHQQAhgEIAA,"coffee_shop, cafe, food_store, store, food, point_of_interest, establishment",Monday: 7:00 AM – 5:00 PM | Tuesday: 7:00 AM – 5:00 PM | Wednesday: 7:00 AM – 5:00 PM | Thursday: 7:00 AM – 5:00 PM | Friday: 7:00 AM – 5:00 PM | Saturday: 8:00 AM – 6:00 PM | Sunday: 8:00 AM – 6:00 PM
Harbor Coffee,4.7,198,Atlanta,Inman Park,ChIJJQJuVNgF9YgRtbcOd_tOr6k,https://maps.google.com/?cid=12227078355275397045&g_mp=Cidnb29nbGUubWFwcy5wbGFjZXMudjEuUGxhY2VzLlNlYXJjaFRleHQQAhgEIAA,"coffee_shop, cafe, food_store, food, store, point_of_interest, establishment",Monday: 8:00 AM – 4:00 PM | Tuesday: 8:00 AM – 4:00 PM | Wednesday: 8:00 AM – 4:00 PM | Thursday: 8:00 AM – 4:00 PM | Friday: 8:00 AM – 4:00 PM | Saturday: 8:00 AM – 4:00 PM | Sunday: 8:00 AM – 4:00 PM
Colette Bread and Bakeshop,4.7,182,Atlanta,Poncey-Highland,ChIJRazEe-QH9YgR_scyleOGTPc,https://maps.google.com/?cid=17819766137617041406&g_mp=Cidnb29nbGUubWFwcy5wbGFjZXMudjEuUGxhY2VzLlNlYXJjaFRleHQQAhgEIAA,"bakery, food_store, food, point_of_interest, store, establishment",Monday: Closed | Tuesday: 8:00 AM – 2:00 PM | Wednesday: 8:00 AM – 2:00 PM | Thursday: 8:00 AM – 2:00 PM | Friday: 8:00 AM – 2:00 PM | Saturday: 8:00 AM – 2:00 PM | Sunday: 8:00 AM – 2:00 PM
Coffee Was Black (CWB),4.8,75,Atlanta,Sweet Auburn,ChIJKbfyDnED9YgR6hw2_eysU1A,https://maps.google.com/?cid=5788160079961660650&g_mp=Cidnb29nbGUubWFwcy5wbGFjZXMudjEuUGxhY2VzLlNlYXJjaFRleHQQAhgEIAA,"coffee_shop, cafe, clothing_store, food_store, food, store, point_of_interest, establishment",Monday: Closed | Tuesday: Closed | Wednesday: 10:00 AM – 5:00 PM | Thursday: 10:00 AM – 5:00 PM | Friday: 10:00 AM – 5:00 PM | Saturday: 10:00 AM – 5:00 PM | Sunday: 10:00 AM – 5:00 PM
Bellwood Coffee - Peachtree,4.8,73,Atlanta,Buckhead,ChIJJ1qfQDkF9YgRAJKqri-zU_Y,https://maps.google.com/?cid=17749727573772505600&g_mp=Cidnb29nbGUubWFwcy5wbGFjZXMudjEuUGxhY2VzLlNlYXJjaFRleHQQAhgEIAA,"coffee_shop, cafe, food_store, restaurant, food, store, point_of_interest, establishment",Monday: 8:00 AM – 4:00 PM | Tuesday: 8:00 AM – 4:00 PM | Wednesday: 8:00 AM – 4:00 PM | Thursday: 8:00 AM – 4:00 PM | Friday: 8:00 AM – 3:00 PM | Saturday: Closed | Sunday: Closed
Bar ANA and Recuerdos,4.6,76,Atlanta,Poncey-Highland,ChIJEcipkr4F9YgR5PKq-SaL4_A,https://maps.google.com/?cid=17357870388329771748&g_mp=Cidnb29nbGUubWFwcy5wbGFjZXMudjEuUGxhY2VzLlNlYXJjaFRleHQQAhgEIAA,"dessert_restaurant, cocktail_bar, bar, coffee_shop, cafe, food_store, restaurant, food, point_of_interest, store, establishment",Monday: 6:00 PM – 12:00 AM | Tuesday: Closed | Wednesday: Closed | Thursday: 6:00 PM – 12:00 AM | Friday: 6:00 PM – 2:00 AM | Saturday: 6:00 PM – 2:00 AM | Sunday: 6:00 PM – 12:00 AM
Bread & Butterfly,4.5,1262,Atlanta,Inman Park,ChIJHwhNYAEE9YgRCs-R7L-_uWI,Bread & Butterfly,"cafe, american_restaurant, bistro, restaurant, food, point_of_interest, establishment","Monday: 9:00 AM – 3:30 PM | Tuesday: 9:00 AM – 3:30 PM | Wednesday: 9:00 AM – 3:30 PM | Thursday: 9:00 AM – 3:00 PM, 5:30 – 9:00 PM | Friday: 9:00 AM – 3:00 PM, 5:30 – 9:00 PM | Saturday: 10:00 AM – 3:00 PM, 5:30 – 9:00 PM | Sunday: 10:00 AM – 4:00 PM"
Chrome Yellow Trading Co.,4.7,915,Atlanta,Old Fourth Ward,ChIJ-yzpL4wF9YgR4gopjocMzl4,Chrome Yellow,"coffee_shop, cafe, food_store, store, food, point_of_interest, establishment",Monday: 7:00 AM – 5:00 PM | Tuesday: 7:00 AM – 5:00 PM | Wednesday: 7:00 AM – 5:00 PM | Thursday: 7:00 AM – 5:00 PM | Friday: 7:00 AM – 5:00 PM | Saturday: 8:00 AM – 5:00 PM | Sunday: 8:00 AM – 5:00 PM
Inman Perk Coffee,4,576,Atlanta,Inman Park,ChIJlxVaAAQE9YgRmwcOR-WVc2o,https://maps.google.com/?cid=7670639402314237851&g_mp=Cidnb29nbGUubWFwcy5wbGFjZXMudjEuUGxhY2VzLlNlYXJjaFRleHQQAhgEIAA,"coffee_shop, cafe, food_store, store, food, point_of_interest, establishment",Monday: 7:00 AM – 7:00 PM | Tuesday: 7:00 AM – 7:00 PM | Wednesday: 7:00 AM – 7:00 PM | Thursday: 7:00 AM – 7:00 PM | Friday: 7:00 AM – 7:00 PM | Saturday: 8:00 AM – 7:00 PM | Sunday: 8:00 AM – 7:00 PM
The Upper Room ATL,4.3,71,Atlanta,Old Fourth Ward,ChIJL_USeRgF9YgRhyDka3rETOM,https://maps.google.com/?cid=16378681974914818183&g_mp=Cidnb29nbGUubWFwcy5wbGFjZXMudjEuUGxhY2VzLlNlYXJjaFRleHQQAhgEIAA,"store, point_of_interest, establishment",Monday: Closed | Tuesday: Closed | Wednesday: 12:00 – 7:00 PM | Thursday: 12:00 – 7:00 PM | Friday: 12:00 – 9:00 PM | Saturday: 12:00 – 9:00 PM | Sunday: 12:00 – 6:00 PM
VOGA Italian Gelato,4.7,917,Atlanta,Inman Park,ChIJY9mnWAEE9YgRZPxYBycoBNg,Voga Italian Gelato | Crepes | Coffee | Chocolate | Desserts,"ice_cream_shop, coffee_shop, cafe, gift_shop, dessert_shop, confectionery, food_store, restaurant, food, store, point_of_interest, establishment",Monday: 3:00 – 10:00 PM | Tuesday: 3:00 – 10:00 PM | Wednesday: 3:00 – 10:00 PM | Thursday: 3:00 – 11:00 PM | Friday: 12:00 PM – 12:00 AM | Saturday: 12:00 PM – 12:00 AM | Sunday: 12:00 – 10:00 PM
